Customer_ID,Name,Age,Gender,City,Preferred_Visit_Day,Visit_Frequency,Last_Visit_Date,Avg_Spend_AED,Category_Preference,Redeems_Coupons,App_Engagement,Online_Share,Store_Share,Loyalty_Segment,Promo_Response,Typical_Basket_Size,Feedback_Score,Home_Delivery_Used,Device_Type,Work_Status,Family_Size,Special_Occasions_Purchase,Last_Promo_Redeemed,Days_Since_Last_Visit,Most_Recent_Brand_Bought
1,Emily,63,Female,Dubai,Friday,3,25/11/2023,229.96,Bakery,0,High,0.28,0.72,Gold,Medium,9,4.49,0,Mobile,Non-Working,4,0,Discount,37,BrandC
2,Martin,41,Female,Dubai,Monday,2,16/12/2023,309.2,Personal Care,0,Medium,0.19,0.81,Bronze,Low,7,3.94,0,Mobile,Non-Working,4,0,Discount,16,BrandA
3,Justin,45,Male,Al Ain,Saturday,5,16/12/2023,110.46,Beverages,0,Medium,0.17,0.83,Bronze,Low,7,3.21,0,Mobile,Non-Working,1,0,Discount,16,BrandE
4,Daniel,44,Male,Abu Dhabi,Thursday,2,23/12/2023,185.04,Personal Care,0,Medium,0.16,0.84,Silver,Medium,7,3.63,0,Mobile,Non-Working,6,0,None,9,BrandA
5,Alyssa,34,Female,Dubai,Monday,2,09/11/2023,212.81,Produce,0,High,0.4,0.6,Bronze,Medium,4,4.32,1,Tablet,Working,1,0,Discount,53,BrandE
6,Miguel,32,Female,Sharjah,Wednesday,4,23/12/2023,262.68,Bakery,1,Low,0.14,0.86,Bronze,Low,7,4.75,1,Mobile,Non-Working,2,0,BOGO,9,BrandD
7,Danny,30,Female,Al Ain,Wednesday,4,06/12/2023,147.67,Bakery,0,Medium,0.09,0.91,Silver,Low,5,3.61,0,Tablet,Working,5,0,Discount,26,BrandB
8,Diane,26,Male,Abu Dhabi,Tuesday,4,26/12/2023,142.05,Bakery,0,Low,0.05,0.95,Silver,High,6,4.3,0,Mobile,Non-Working,3,0,BOGO,6,BrandD
9,Daniel,33,Male,Sharjah,Saturday,4,30/11/2023,211.92,Dairy,1,High,0.35,0.65,Bronze,Medium,10,3.26,0,Mobile,Working,4,0,Discount,32,BrandA
10,Brandon,60,Male,Dubai,Tuesday,2,03/11/2023,216.55,Snacks,0,Medium,0.2,0.8,Bronze,High,4,3.24,0,Desktop,Working,3,0,None,59,BrandB
11,Stacy,28,Female,Dubai,Tuesday,7,23/12/2023,276.01,Beverages,0,Medium,0.06,0.94,Bronze,High,11,4.23,1,Tablet,Working,1,0,Discount,9,BrandB
12,Jean,32,Female,Sharjah,Saturday,1,05/11/2023,170.77,Beverages,0,High,0.4,0.6,Silver,Medium,10,3.24,0,Desktop,Non-Working,5,0,Cashback,57,BrandA
13,Joy,42,Female,Sharjah,Saturday,3,05/11/2023,162.15,Bakery,0,High,0,1,Bronze,Medium,9,3.41,1,Mobile,Working,4,1,Discount,57,BrandA
14,Christopher,35,Female,Al Ain,Saturday,4,20/11/2023,181.24,Dairy,0,Low,0.27,0.73,Gold,Low,14,4.36,0,Desktop,Working,4,0,Discount,42,BrandE
15,Heather,26,Male,Dubai,Saturday,2,05/11/2023,145.77,Beverages,1,High,0.29,0.71,Bronze,High,5,3.73,0,Mobile,Working,3,0,Cashback,57,BrandB
16,Nathan,31,Male,Dubai,Saturday,2,09/12/2023,221.81,Beverages,0,Medium,0.36,0.64,Bronze,Low,5,3.28,0,Mobile,Working,1,0,Cashback,23,BrandD
17,Brooke,33,Female,Dubai,Saturday,5,04/12/2023,264.15,Beverages,0,High,0.3,0.7,Gold,High,8,3.31,0,Mobile,Working,2,0,Discount,28,BrandC
18,Anne,39,Female,Abu Dhabi,Saturday,5,15/12/2023,193.15,Beverages,0,Medium,0.18,0.82,Bronze,Medium,10,4.58,0,Mobile,Non-Working,3,0,BOGO,17,BrandB
19,Michael,44,Female,Abu Dhabi,Tuesday,8,27/11/2023,153.06,Beverages,0,High,0.4,0.6,Silver,Medium,7,3.38,1,Mobile,Working,4,0,Discount,35,BrandB
20,Lisa,37,Male,Abu Dhabi,Sunday,6,11/11/2023,262.67,Bakery,0,Low,0.22,0.78,Bronze,Low,6,3.36,0,Mobile,Working,1,1,Discount,51,BrandC
21,Alan,33,Male,Dubai,Saturday,3,27/11/2023,232.3,Beverages,1,Low,0.16,0.84,Silver,Low,7,4.84,1,Tablet,Working,1,1,Discount,35,BrandA
22,Theresa,30,Female,Sharjah,Wednesday,5,13/12/2023,202.15,Personal Care,0,Medium,0.2,0.8,Silver,High,3,4.84,0,Mobile,Non-Working,6,1,None,19,BrandB
23,Teresa,47,Male,Dubai,Saturday,5,08/11/2023,253.98,Personal Care,0,Medium,0.23,0.77,Bronze,Low,7,3.65,0,Mobile,Non-Working,2,0,Cashback,54,BrandC
24,Melissa,31,Male,Abu Dhabi,Friday,3,22/12/2023,95.04,Dairy,0,Medium,0.16,0.84,Silver,High,6,3.54,0,Mobile,Working,5,1,Cashback,10,BrandC
25,Cory,38,Female,Dubai,Sunday,4,31/12/2023,287.91,Beverages,0,Medium,0.16,0.84,Gold,Low,12,4.07,1,Mobile,Non-Working,4,0,Discount,1,BrandD
26,John,58,Female,Dubai,Saturday,2,30/12/2023,229.23,Beverages,0,Medium,0,1,Silver,Low,8,4.18,0,Mobile,Working,5,1,Cashback,2,BrandC
27,Jim,40,Male,Dubai,Sunday,1,08/11/2023,254.57,Dairy,0,Medium,0.17,0.83,Silver,Low,5,4.32,1,Mobile,Working,2,0,Cashback,54,BrandD
28,Julie,51,Male,Sharjah,Saturday,4,03/11/2023,127.97,Produce,1,Medium,0.11,0.89,Gold,High,9,3.18,0,Tablet,Non-Working,5,0,Cashback,59,BrandB
29,Jennifer,23,Female,Dubai,Saturday,3,20/11/2023,252.43,Snacks,0,High,0,1,Bronze,Medium,8,3.92,1,Mobile,Working,6,0,Discount,42,BrandE
30,Katrina,42,Female,Dubai,Wednesday,6,25/12/2023,218.74,Beverages,1,High,0.36,0.64,Gold,Medium,11,4.39,1,Desktop,Working,1,0,Cashback,7,BrandA
31,Gregory,45,Male,Dubai,Sunday,4,19/11/2023,167.11,Beverages,1,Medium,0.19,0.81,Gold,Medium,10,3.66,0,Mobile,Working,4,0,Cashback,43,BrandE
32,Patricia,35,Female,Dubai,Friday,7,12/12/2023,227.66,Beverages,1,High,0.49,0.51,Platinum,Medium,10,3.39,0,Mobile,Working,3,0,None,20,BrandA
33,Jesus,41,Female,Dubai,Tuesday,2,25/12/2023,188.13,Bakery,1,High,0.09,0.91,Platinum,High,7,3.37,0,Tablet,Non-Working,2,1,Discount,7,BrandC
34,Vanessa,28,Female,Dubai,Wednesday,1,08/12/2023,337.82,Personal Care,0,High,0.24,0.76,Bronze,Medium,7,3.1,0,Mobile,Working,4,0,Cashback,24,BrandC
35,Heather,36,Male,Dubai,Saturday,5,17/11/2023,216.07,Beverages,0,Low,0.31,0.69,Bronze,Medium,12,3.77,0,Mobile,Working,2,0,Discount,45,BrandC
36,Sandra,32,Male,Dubai,Monday,1,01/12/2023,285.47,Personal Care,1,Low,0.13,0.87,Gold,High,7,3.59,0,Mobile,Non-Working,3,0,Cashback,31,BrandD
37,Sean,51,Male,Sharjah,Wednesday,3,09/11/2023,98.08,Beverages,0,Low,0.24,0.76,Bronze,Medium,9,4.59,0,Mobile,Non-Working,3,0,Discount,53,BrandD
38,John,55,Male,Dubai,Saturday,5,19/12/2023,264.55,Snacks,0,High,0.16,0.84,Silver,Medium,11,3.95,0,Mobile,Non-Working,6,0,BOGO,13,BrandE
39,Brooke,31,Male,Dubai,Wednesday,2,15/11/2023,395.92,Beverages,0,High,0.21,0.79,Silver,Medium,9,4.15,1,Mobile,Working,5,0,Discount,47,BrandA
40,Linda,59,Male,Sharjah,Sunday,4,27/12/2023,173.66,Snacks,0,Medium,0.3,0.7,Silver,Low,9,3.08,0,Mobile,Non-Working,2,0,Discount,5,BrandA
41,Katherine,47,Female,Dubai,Sunday,3,21/12/2023,185.73,Beverages,0,Low,0.17,0.83,Silver,Medium,7,4.63,1,Desktop,Working,2,0,Cashback,11,BrandD
42,James,28,Female,Dubai,Saturday,3,21/12/2023,284.96,Beverages,1,Medium,0.21,0.79,Bronze,High,5,4.44,0,Mobile,Working,4,0,Cashback,11,BrandA
43,Patrick,60,Male,Dubai,Wednesday,2,22/11/2023,205.62,Beverages,0,High,0.39,0.61,Bronze,Medium,9,3.62,0,Mobile,Working,3,0,Discount,40,BrandC
44,Chad,28,Male,Dubai,Saturday,4,22/12/2023,302.91,Dairy,0,Low,0.17,0.83,Silver,Medium,6,4.25,0,Mobile,Non-Working,1,0,None,10,BrandE
45,Ann,58,Male,Dubai,Wednesday,1,18/12/2023,162.06,Dairy,1,High,0.3,0.7,Silver,High,6,3.75,1,Desktop,Working,6,0,Cashback,14,BrandB
46,John,29,Male,Dubai,Sunday,2,24/12/2023,222.14,Bakery,0,Low,0.24,0.76,Gold,Medium,6,4.86,0,Mobile,Working,3,0,Cashback,8,BrandB
47,Michael,49,Male,Al Ain,Thursday,2,09/11/2023,105.69,Beverages,0,High,0.43,0.57,Bronze,Medium,7,4.09,0,Tablet,Non-Working,3,0,Discount,53,BrandA
48,Zachary,45,Male,Dubai,Saturday,6,07/12/2023,247.81,Beverages,0,High,0.27,0.73,Platinum,Low,8,4.3,1,Mobile,Working,5,0,None,25,BrandD
49,Brian,63,Female,Al Ain,Sunday,5,11/12/2023,203.57,Produce,0,Low,0.16,0.84,Gold,High,10,3.4,0,Mobile,Working,2,0,Cashback,21,BrandB
50,Heather,32,Male,Abu Dhabi,Thursday,3,30/11/2023,99.17,Snacks,0,Low,0.13,0.87,Gold,Low,10,4.83,1,Mobile,Working,2,1,Discount,32,BrandE
51,Brian,49,Female,Dubai,Friday,2,30/11/2023,282.61,Dairy,1,Medium,0.21,0.79,Bronze,High,5,4.53,0,Mobile,Working,2,0,Discount,32,BrandE
52,Joshua,36,Male,Abu Dhabi,Thursday,6,20/11/2023,172.75,Dairy,1,Medium,0.17,0.83,Silver,Medium,7,4.32,0,Mobile,Working,2,0,BOGO,42,BrandB
53,Jacqueline,38,Female,Dubai,Monday,5,13/11/2023,183.73,Dairy,0,Medium,0.24,0.76,Gold,Low,10,4.6,0,Mobile,Non-Working,1,0,Discount,49,BrandE
54,Frederick,27,Female,Sharjah,Saturday,2,19/12/2023,124.56,Produce,0,High,0.26,0.74,Bronze,Medium,11,3.06,0,Desktop,Working,6,1,Discount,13,BrandB
55,Julie,62,Male,Abu Dhabi,Monday,3,24/11/2023,215.86,Bakery,1,High,0.25,0.75,Platinum,Medium,11,4.87,1,Desktop,Non-Working,6,0,BOGO,38,BrandB
56,Timothy,37,Female,Dubai,Monday,7,29/11/2023,170.26,Beverages,0,Low,0.13,0.87,Bronze,High,6,3.32,0,Mobile,Working,4,0,Cashback,33,BrandB
57,Rebecca,26,Male,Al Ain,Saturday,6,09/11/2023,129.58,Personal Care,1,Low,0.3,0.7,Gold,Medium,11,4.73,0,Tablet,Working,5,0,BOGO,53,BrandA
58,Joshua,48,Female,Abu Dhabi,Saturday,2,03/12/2023,194.84,Produce,1,High,0.31,0.69,Bronze,Low,9,3.97,1,Desktop,Non-Working,4,0,Discount,29,BrandE
59,Kelly,50,Male,Al Ain,Saturday,2,04/12/2023,198.99,Personal Care,0,High,0.14,0.86,Silver,Low,11,4.97,1,Mobile,Non-Working,3,0,Discount,28,BrandC
60,Brittany,44,Male,Dubai,Saturday,5,17/12/2023,274.49,Personal Care,0,Medium,0.1,0.9,Platinum,High,5,4.24,1,Mobile,Non-Working,5,0,None,15,BrandC
61,Joanne,49,Male,Dubai,Sunday,3,09/11/2023,263.72,Personal Care,0,Medium,0.22,0.78,Gold,High,5,3.66,0,Mobile,Working,2,0,Discount,53,BrandA
62,Susan,24,Male,Dubai,Tuesday,5,20/11/2023,202.84,Bakery,0,High,0.33,0.67,Bronze,Low,4,3.83,1,Mobile,Working,6,0,Discount,42,BrandE
63,Jacob,63,Male,Dubai,Wednesday,5,21/12/2023,213.39,Produce,1,Low,0.12,0.88,Silver,Low,13,4.87,0,Mobile,Non-Working,2,0,Discount,11,BrandA
64,Aimee,27,Male,Sharjah,Wednesday,4,17/12/2023,166.44,Dairy,0,High,0.59,0.41,Bronze,High,16,4.48,1,Mobile,Working,1,0,Cashback,15,BrandA
65,Raymond,58,Female,Sharjah,Friday,1,12/12/2023,183.97,Dairy,0,High,0.41,0.59,Bronze,Medium,7,4.08,0,Mobile,Working,5,0,BOGO,20,BrandD
66,William,43,Female,Abu Dhabi,Monday,6,28/11/2023,139.01,Personal Care,0,Medium,0.13,0.87,Silver,Medium,10,4.56,0,Desktop,Non-Working,2,0,Discount,34,BrandE
67,Patrick,51,Female,Abu Dhabi,Monday,1,02/12/2023,254.8,Snacks,0,Medium,0.16,0.84,Bronze,Medium,16,4.79,0,Mobile,Working,3,1,Discount,30,BrandD
68,Emily,52,Female,Abu Dhabi,Saturday,4,15/12/2023,145.33,Beverages,1,Medium,0.03,0.97,Bronze,Medium,12,3,0,Desktop,Working,4,0,None,17,BrandE
69,Anna,24,Female,Sharjah,Sunday,1,20/11/2023,178.43,Produce,0,Medium,0.1,0.9,Silver,Medium,9,3.6,0,Mobile,Non-Working,1,0,BOGO,42,BrandC
70,Sean,53,Male,Dubai,Monday,4,07/12/2023,293.5,Produce,0,Medium,0.23,0.77,Bronze,Medium,6,3.16,0,Tablet,Non-Working,1,0,Cashback,25,BrandC
71,Matthew,30,Male,Abu Dhabi,Sunday,3,06/12/2023,253.09,Beverages,0,Medium,0.11,0.89,Bronze,High,6,4.4,0,Mobile,Non-Working,1,0,Discount,26,BrandB
72,Donna,58,Female,Dubai,Saturday,4,05/12/2023,226.46,Dairy,1,High,0.02,0.98,Silver,Medium,8,3.75,0,Mobile,Working,3,0,Cashback,27,BrandD
73,Vanessa,43,Male,Abu Dhabi,Friday,3,26/12/2023,74.8,Bakery,1,Medium,0.18,0.82,Gold,High,6,4.45,1,Mobile,Non-Working,2,0,Discount,6,BrandC
74,Carrie,64,Female,Abu Dhabi,Monday,2,30/12/2023,164.68,Snacks,0,High,0.32,0.68,Silver,Low,11,3.06,0,Desktop,Working,6,0,Discount,2,BrandD
75,Jennifer,51,Male,Abu Dhabi,Tuesday,6,24/11/2023,133.15,Beverages,0,Low,0.25,0.75,Gold,Low,7,4.03,0,Mobile,Non-Working,4,0,Cashback,38,BrandE
76,Amanda,61,Male,Dubai,Thursday,1,22/12/2023,201.81,Personal Care,0,High,0.25,0.75,Bronze,High,16,3.42,0,Mobile,Working,1,0,Cashback,10,BrandD
77,Sara,48,Female,Abu Dhabi,Sunday,1,14/12/2023,130.25,Dairy,0,Medium,0.18,0.82,Platinum,High,5,4.75,0,Mobile,Working,5,1,Discount,18,BrandB
78,Doris,64,Male,Dubai,Monday,5,08/11/2023,289.26,Produce,0,Medium,0.11,0.89,Silver,High,7,3.88,0,Mobile,Non-Working,2,1,Discount,54,BrandA
79,Chad,54,Male,Dubai,Monday,6,07/12/2023,257.91,Personal Care,0,Low,0.29,0.71,Bronze,Low,11,4.01,0,Mobile,Working,6,1,Cashback,25,BrandD
80,Sara,36,Female,Dubai,Friday,5,31/12/2023,229.42,Snacks,1,Medium,0.16,0.84,Bronze,Low,5,4.51,0,Mobile,Non-Working,3,0,Discount,1,BrandB
81,Renee,36,Male,Dubai,Saturday,4,27/12/2023,253.77,Bakery,0,Medium,0.22,0.78,Silver,Low,9,3.17,0,Mobile,Non-Working,5,0,Cashback,5,BrandC
82,Crystal,32,Female,Al Ain,Saturday,3,25/11/2023,206.52,Bakery,0,Medium,0.05,0.95,Bronze,Low,10,4.02,0,Mobile,Working,1,0,Cashback,37,BrandA
83,Mary,50,Female,Sharjah,Wednesday,2,20/12/2023,205.47,Beverages,0,High,0.58,0.42,Bronze,Low,11,4.64,0,Desktop,Non-Working,3,0,Discount,12,BrandC
84,William,49,Male,Sharjah,Saturday,2,14/12/2023,310.05,Bakery,0,Low,0.1,0.9,Bronze,Medium,8,4.21,1,Mobile,Non-Working,3,0,Discount,18,BrandE
85,Marcus,23,Female,Sharjah,Tuesday,4,18/12/2023,188.47,Beverages,0,Medium,0.28,0.72,Bronze,Low,15,4.97,1,Desktop,Non-Working,5,0,BOGO,14,BrandE
86,Katelyn,42,Female,Dubai,Thursday,3,12/12/2023,216.24,Snacks,0,High,0.42,0.58,Bronze,Medium,10,3.44,1,Mobile,Working,2,0,Cashback,20,BrandE
87,Donald,31,Male,Abu Dhabi,Tuesday,8,26/12/2023,231.91,Bakery,0,High,0.63,0.37,Gold,Medium,9,3.7,0,Tablet,Non-Working,4,0,Discount,6,BrandC
88,Kimberly,56,Female,Abu Dhabi,Sunday,2,03/12/2023,214.52,Beverages,0,Medium,0.25,0.75,Silver,High,8,3.85,1,Mobile,Non-Working,5,0,Cashback,29,BrandE
89,Crystal,35,Male,Dubai,Saturday,4,27/11/2023,223.21,Dairy,0,Medium,0.1,0.9,Bronze,Low,5,3.33,0,Mobile,Working,5,0,Discount,35,BrandC
90,Charles,24,Male,Sharjah,Thursday,4,22/11/2023,174.86,Dairy,0,Medium,0.24,0.76,Bronze,Medium,2,4.36,0,Mobile,Non-Working,3,0,Cashback,40,BrandB
91,Dana,58,Male,Sharjah,Monday,3,27/12/2023,360.14,Produce,1,High,0.36,0.64,Silver,Low,7,4.8,1,Mobile,Non-Working,6,0,Discount,5,BrandC
92,Daniel,56,Male,Sharjah,Monday,3,25/12/2023,197.03,Dairy,1,High,0.5,0.5,Silver,Medium,11,4.12,0,Mobile,Working,3,0,Cashback,7,BrandE
93,James,44,Male,Abu Dhabi,Monday,1,17/11/2023,157.65,Beverages,0,High,0.38,0.62,Gold,Low,5,4.95,1,Mobile,Working,5,0,Discount,45,BrandC
94,William,34,Male,Sharjah,Tuesday,3,18/11/2023,119.27,Beverages,1,Medium,0.14,0.86,Gold,Medium,9,3.28,0,Mobile,Working,5,0,None,44,BrandD
95,Patricia,49,Male,Abu Dhabi,Wednesday,6,20/11/2023,180.37,Beverages,0,Medium,0.2,0.8,Bronze,High,9,4.37,0,Desktop,Non-Working,4,0,None,42,BrandC
96,Sara,57,Male,Dubai,Wednesday,2,15/11/2023,188.11,Beverages,0,High,0.28,0.72,Silver,Medium,9,3.09,0,Tablet,Working,3,0,Cashback,47,BrandB
97,Brian,30,Male,Dubai,Monday,7,22/12/2023,230.72,Beverages,0,Low,0.19,0.81,Bronze,High,8,4.23,1,Mobile,Non-Working,1,0,Discount,10,BrandC
98,Samuel,32,Male,Dubai,Saturday,6,28/11/2023,227.2,Dairy,1,High,0.37,0.63,Bronze,Low,6,4.44,0,Mobile,Working,2,0,Discount,34,BrandA
99,David,45,Male,Abu Dhabi,Friday,5,09/11/2023,161.35,Bakery,0,High,0.16,0.84,Silver,Medium,10,4.39,0,Mobile,Non-Working,4,0,Discount,53,BrandD
100,Amy,55,Male,Sharjah,Monday,4,02/12/2023,195.18,Snacks,0,High,0.62,0.38,Bronze,Medium,9,3.79,0,Desktop,Working,2,0,Discount,30,BrandC
101,Holly,41,Female,Al Ain,Saturday,6,18/11/2023,327.23,Bakery,0,Medium,0.1,0.9,Silver,Medium,4,4.8,0,Mobile,Working,3,0,None,44,BrandC
102,Andrew,42,Female,Dubai,Friday,6,30/12/2023,243.02,Dairy,0,High,0.44,0.56,Bronze,Medium,8,4.78,0,Mobile,Working,5,0,Cashback,2,BrandE
103,Kathryn,31,Female,Dubai,Monday,5,27/12/2023,215.12,Produce,1,High,0.28,0.72,Silver,Medium,8,3.75,0,Mobile,Non-Working,2,0,Cashback,5,BrandD
104,Tonya,41,Male,Sharjah,Friday,4,25/12/2023,241.88,Bakery,0,High,0.29,0.71,Silver,Low,10,3.1,0,Mobile,Non-Working,5,0,None,7,BrandB
105,Crystal,57,Female,Abu Dhabi,Sunday,4,19/12/2023,180.21,Personal Care,1,High,0.37,0.63,Bronze,Medium,8,4.69,0,Mobile,Non-Working,3,1,Discount,13,BrandA
106,Amy,51,Female,Sharjah,Saturday,1,11/11/2023,138.12,Bakery,0,High,0.34,0.66,Silver,Medium,3,4.39,0,Mobile,Non-Working,6,0,None,51,BrandE
107,Ryan,57,Male,Abu Dhabi,Friday,1,28/11/2023,124.52,Snacks,0,High,0.19,0.81,Platinum,High,8,3.21,0,Mobile,Non-Working,1,0,Cashback,34,BrandD
108,Wendy,52,Female,Abu Dhabi,Wednesday,2,02/12/2023,154.48,Bakery,1,High,0.18,0.82,Bronze,Low,4,4.55,0,Mobile,Working,2,0,BOGO,30,BrandA
109,Jason,58,Female,Al Ain,Monday,5,13/12/2023,190.65,Beverages,1,Medium,0.27,0.73,Bronze,Low,7,3.85,0,Mobile,Working,3,1,Cashback,19,BrandB
110,Ashley,55,Female,Abu Dhabi,Thursday,4,12/12/2023,216.64,Bakery,1,High,0.09,0.91,Bronze,Medium,3,3.9,0,Mobile,Working,4,0,BOGO,20,BrandD
111,Heather,53,Male,Dubai,Tuesday,1,13/11/2023,250.38,Beverages,0,Low,0.29,0.71,Bronze,Low,11,3.54,0,Mobile,Working,2,0,Cashback,49,BrandC
112,Stanley,35,Female,Dubai,Saturday,1,23/11/2023,338.16,Snacks,1,Medium,0.29,0.71,Bronze,Low,6,3.38,0,Mobile,Non-Working,6,0,Cashback,39,BrandE
113,Jennifer,59,Male,Al Ain,Thursday,11,26/11/2023,183.09,Produce,0,High,0.34,0.66,Bronze,Low,12,3.03,1,Mobile,Working,2,0,Discount,36,BrandD
114,Ashley,62,Male,Dubai,Friday,3,29/11/2023,275.11,Beverages,1,Medium,0.29,0.71,Gold,High,5,4.7,0,Mobile,Working,3,0,None,33,BrandC
115,Timothy,45,Male,Dubai,Thursday,1,18/11/2023,320.38,Produce,0,Medium,0.14,0.86,Silver,Medium,13,4.9,1,Mobile,Working,6,1,Cashback,44,BrandA
116,Sheila,42,Female,Dubai,Sunday,3,21/11/2023,170.88,Snacks,0,Medium,0.14,0.86,Silver,Medium,5,4.43,0,Mobile,Working,6,0,Discount,41,BrandD
117,Sheila,45,Female,Dubai,Thursday,4,25/12/2023,273.27,Snacks,1,High,0.17,0.83,Gold,Low,9,3.33,0,Mobile,Non-Working,1,1,None,7,BrandE
118,Lisa,48,Male,Abu Dhabi,Monday,6,08/11/2023,205.32,Beverages,0,Low,0.19,0.81,Bronze,Low,10,3.16,0,Mobile,Working,2,0,BOGO,54,BrandC
119,Monica,29,Female,Dubai,Monday,3,13/11/2023,203.44,Dairy,0,High,0.2,0.8,Bronze,High,11,4,0,Mobile,Non-Working,5,0,Discount,49,BrandE
120,Elizabeth,59,Male,Al Ain,Monday,2,30/12/2023,240.46,Dairy,0,Medium,0.01,0.99,Bronze,Low,8,4.7,0,Tablet,Working,1,0,Discount,2,BrandA
121,Vickie,64,Male,Al Ain,Saturday,2,21/12/2023,122.54,Beverages,1,Medium,0.22,0.78,Bronze,High,6,4.21,0,Mobile,Non-Working,5,0,Cashback,11,BrandD
122,Tracy,28,Female,Dubai,Thursday,6,07/11/2023,268.26,Beverages,1,Low,0.11,0.89,Bronze,Low,5,3.46,1,Desktop,Working,2,0,None,55,BrandD
123,Angela,36,Female,Sharjah,Sunday,4,21/11/2023,241.19,Produce,0,High,0.15,0.85,Silver,Medium,8,4.27,0,Mobile,Working,3,0,Discount,41,BrandC
124,Crystal,57,Male,Dubai,Monday,5,30/12/2023,190.67,Produce,1,High,0.14,0.86,Gold,Medium,8,3.5,1,Mobile,Working,3,1,Discount,2,BrandA
125,David,41,Male,Abu Dhabi,Saturday,4,13/12/2023,159.04,Dairy,1,Low,0.29,0.71,Gold,High,9,3.54,0,Desktop,Working,4,0,Discount,19,BrandD
126,Felicia,57,Male,Dubai,Saturday,2,15/11/2023,192.55,Beverages,0,Low,0.24,0.76,Bronze,Low,8,3.2,0,Mobile,Non-Working,1,0,None,47,BrandA
127,Kyle,57,Female,Abu Dhabi,Saturday,3,22/12/2023,171.53,Bakery,0,Low,0,1,Bronze,Low,8,3.1,1,Mobile,Working,2,0,Cashback,10,BrandD
128,Steven,49,Male,Dubai,Saturday,3,29/12/2023,251.78,Dairy,0,Medium,0.21,0.79,Gold,Medium,8,3.86,0,Mobile,Non-Working,3,0,None,3,BrandD
129,Michael,36,Male,Dubai,Thursday,3,20/11/2023,266.7,Produce,1,High,0.14,0.86,Bronze,Medium,5,3.34,0,Mobile,Working,6,0,Discount,42,BrandD
130,Jeremy,34,Female,Dubai,Sunday,7,13/12/2023,118.99,Beverages,1,Low,0.32,0.68,Silver,Medium,13,4.09,1,Mobile,Working,5,0,None,19,BrandC
131,Scott,50,Female,Abu Dhabi,Monday,5,11/12/2023,223.12,Beverages,1,Medium,0.28,0.72,Silver,High,7,3.52,0,Mobile,Working,5,0,Cashback,21,BrandC
132,Omar,62,Male,Dubai,Sunday,2,12/12/2023,240.83,Dairy,1,Medium,0.09,0.91,Bronze,Medium,6,4.32,0,Mobile,Non-Working,4,0,Discount,20,BrandA
133,Sydney,40,Male,Dubai,Tuesday,5,19/11/2023,226.74,Beverages,0,Medium,0.08,0.92,Bronze,High,3,4.31,0,Mobile,Non-Working,1,0,Discount,43,BrandC
134,Kelly,25,Female,Dubai,Wednesday,2,05/12/2023,280.35,Dairy,0,Medium,0.23,0.77,Gold,High,6,4.68,1,Mobile,Working,1,0,Discount,27,BrandB
135,Melissa,46,Female,Dubai,Wednesday,6,18/12/2023,193.2,Beverages,1,Low,0.28,0.72,Silver,High,7,4.04,0,Mobile,Working,5,0,BOGO,14,BrandB
136,Lisa,22,Male,Sharjah,Saturday,3,21/11/2023,172.44,Produce,0,Low,0.25,0.75,Bronze,High,7,4.17,0,Mobile,Non-Working,4,0,Discount,41,BrandA
137,Angela,27,Male,Sharjah,Friday,5,17/12/2023,149.6,Snacks,0,Low,0.11,0.89,Bronze,Low,6,3.17,1,Desktop,Non-Working,1,0,Discount,15,BrandA
138,Ashley,38,Female,Abu Dhabi,Monday,5,27/12/2023,109.37,Snacks,1,Medium,0.2,0.8,Silver,Medium,7,4.87,1,Mobile,Working,5,1,BOGO,5,BrandC
139,Jared,50,Female,Abu Dhabi,Saturday,5,17/12/2023,181.13,Personal Care,0,High,0.47,0.53,Silver,Medium,3,4.82,0,Mobile,Working,6,0,None,15,BrandC
140,Tracey,32,Male,Dubai,Friday,4,14/12/2023,239.84,Personal Care,1,Low,0.21,0.79,Bronze,Medium,11,3.05,1,Desktop,Working,2,0,Discount,18,BrandC
141,Angela,49,Male,Dubai,Saturday,2,08/12/2023,196.56,Beverages,0,High,0.37,0.63,Gold,Medium,7,3.71,0,Tablet,Non-Working,1,0,BOGO,24,BrandC
142,Lori,52,Female,Dubai,Thursday,4,05/12/2023,264.85,Bakery,0,High,0.49,0.51,Gold,Low,5,4.73,0,Mobile,Working,5,0,Cashback,27,BrandD
143,Jason,25,Female,Dubai,Sunday,5,11/11/2023,288.83,Personal Care,1,Low,0.24,0.76,Bronze,High,10,3.63,1,Mobile,Non-Working,6,1,None,51,BrandD
144,Bradley,36,Male,Abu Dhabi,Tuesday,3,18/11/2023,280.29,Personal Care,1,High,0.56,0.44,Silver,High,9,3.91,0,Mobile,Working,6,0,Discount,44,BrandD
145,Ruth,34,Female,Dubai,Tuesday,7,11/12/2023,179.94,Snacks,1,High,0.53,0.47,Gold,Medium,11,4.65,1,Mobile,Working,5,0,Discount,21,BrandA
146,Natasha,64,Male,Dubai,Sunday,4,08/12/2023,249.97,Dairy,0,High,0.12,0.88,Bronze,Low,5,4.75,0,Mobile,Non-Working,6,0,Discount,24,BrandC
147,John,49,Male,Sharjah,Saturday,4,06/12/2023,201.54,Bakery,1,Medium,0.13,0.87,Silver,High,5,4.86,0,Mobile,Non-Working,5,0,Cashback,26,BrandE
148,Sarah,60,Female,Dubai,Sunday,2,10/12/2023,215.99,Produce,1,High,0,1,Silver,High,8,3.21,0,Mobile,Working,1,0,None,22,BrandB
149,Scott,34,Male,Abu Dhabi,Sunday,1,25/11/2023,80.71,Produce,1,High,0.4,0.6,Silver,High,5,3.04,1,Mobile,Working,3,0,Discount,37,BrandC
150,Vanessa,46,Female,Sharjah,Saturday,2,15/11/2023,201.56,Dairy,1,High,0.37,0.63,Gold,High,6,3.05,0,Tablet,Working,6,0,Cashback,47,BrandD
151,Patrick,58,Male,Al Ain,Monday,3,11/11/2023,222.35,Personal Care,0,Low,0.19,0.81,Silver,Low,10,3.51,0,Mobile,Working,1,0,None,51,BrandE
152,Tiffany,21,Female,Sharjah,Friday,5,07/11/2023,257.36,Bakery,0,Medium,0.08,0.92,Gold,High,8,3.23,1,Mobile,Non-Working,1,0,Discount,55,BrandE
153,Carl,59,Female,Dubai,Saturday,2,13/12/2023,223.78,Dairy,0,High,0.41,0.59,Bronze,Medium,9,3.67,0,Mobile,Working,1,0,BOGO,19,BrandD
154,Jessica,23,Male,Abu Dhabi,Tuesday,4,27/11/2023,136.87,Produce,0,High,0.37,0.63,Bronze,Low,7,4.29,1,Desktop,Working,6,1,Cashback,35,BrandA
155,Christopher,62,Female,Al Ain,Wednesday,1,22/11/2023,256.72,Beverages,1,Low,0.25,0.75,Gold,High,8,4.3,0,Mobile,Working,2,1,Cashback,40,BrandB
156,Cassidy,35,Male,Dubai,Tuesday,3,19/12/2023,228.75,Beverages,0,Medium,0.17,0.83,Bronze,Low,6,4.3,0,Mobile,Working,2,1,None,13,BrandC
157,Abigail,38,Female,Dubai,Saturday,5,17/12/2023,169.71,Snacks,1,Low,0.08,0.92,Bronze,Low,8,4.91,0,Mobile,Working,5,0,Discount,15,BrandA
158,Brian,51,Male,Sharjah,Tuesday,4,21/12/2023,191.01,Dairy,1,Medium,0.06,0.94,Silver,Low,5,3.06,0,Desktop,Working,6,0,BOGO,11,BrandD
159,James,22,Male,Al Ain,Saturday,4,05/11/2023,182.95,Personal Care,1,Medium,0.16,0.84,Silver,Medium,6,4.96,0,Mobile,Working,4,1,BOGO,57,BrandC
160,Melissa,27,Male,Sharjah,Friday,1,11/11/2023,175.04,Snacks,0,Low,0.22,0.78,Silver,High,10,3.43,0,Mobile,Working,2,0,Discount,51,BrandA
161,Marvin,48,Male,Dubai,Saturday,3,28/12/2023,202.02,Beverages,1,Medium,0.15,0.85,Silver,Medium,7,3.59,0,Mobile,Working,3,0,Discount,4,BrandE
162,Bruce,45,Male,Dubai,Friday,5,22/11/2023,163.73,Bakery,0,Low,0.23,0.77,Bronze,Medium,4,4.37,1,Desktop,Working,2,0,Discount,40,BrandB
163,Thomas,28,Female,Dubai,Thursday,2,30/11/2023,202.64,Produce,1,Medium,0.24,0.76,Bronze,Low,6,3.59,0,Mobile,Working,2,1,Discount,32,BrandE
164,Johnathan,54,Male,Dubai,Saturday,5,23/12/2023,214.15,Produce,0,High,0.19,0.81,Bronze,Low,7,3.56,0,Mobile,Working,4,0,Cashback,9,BrandB
165,Erik,23,Male,Sharjah,Sunday,2,05/11/2023,229.9,Bakery,0,Low,0.19,0.81,Bronze,High,8,3.66,0,Desktop,Working,1,0,None,57,BrandE
166,William,22,Male,Dubai,Saturday,6,13/11/2023,133.23,Beverages,1,Medium,0.19,0.81,Bronze,Medium,11,3.4,0,Mobile,Non-Working,5,0,Discount,49,BrandB
167,Joshua,22,Male,Dubai,Wednesday,1,13/12/2023,165.79,Snacks,0,Medium,0.11,0.89,Bronze,Medium,11,3.31,1,Mobile,Non-Working,1,1,Discount,19,BrandE
168,Samantha,21,Male,Dubai,Wednesday,5,10/12/2023,230.33,Dairy,0,Medium,0.22,0.78,Bronze,Low,10,3.86,0,Mobile,Working,5,0,BOGO,22,BrandE
169,Patrick,56,Female,Abu Dhabi,Thursday,1,29/11/2023,161.08,Produce,0,High,0.28,0.72,Bronze,Low,12,3.82,0,Mobile,Working,2,0,Cashback,33,BrandA
170,Christopher,59,Female,Dubai,Saturday,5,29/12/2023,228.39,Snacks,0,High,0.34,0.66,Gold,Medium,12,4.96,0,Mobile,Working,3,0,Cashback,3,BrandC
171,Carlos,38,Male,Abu Dhabi,Saturday,4,18/12/2023,223.46,Dairy,1,Low,0.21,0.79,Silver,High,7,3.98,0,Desktop,Non-Working,1,0,Cashback,14,BrandB
172,Laura,44,Male,Sharjah,Sunday,5,17/12/2023,181.98,Bakery,1,High,0.46,0.54,Bronze,High,10,4.13,1,Mobile,Non-Working,2,0,Cashback,15,BrandD
173,Shannon,25,Female,Abu Dhabi,Saturday,3,13/12/2023,220.96,Produce,0,Medium,0.08,0.92,Bronze,High,10,4.83,0,Mobile,Non-Working,3,1,Cashback,19,BrandC
174,Hannah,50,Female,Dubai,Wednesday,6,05/12/2023,254.27,Personal Care,0,Low,0.15,0.85,Gold,High,11,4.58,0,Mobile,Working,4,0,BOGO,27,BrandD
175,Carlos,26,Female,Dubai,Friday,1,30/11/2023,231.95,Produce,1,Medium,0.11,0.89,Gold,High,6,4.98,0,Mobile,Working,3,0,None,32,BrandD
176,Daniel,44,Male,Al Ain,Tuesday,2,23/12/2023,187.67,Snacks,0,Medium,0.08,0.92,Bronze,Low,8,3.06,1,Mobile,Non-Working,4,0,Cashback,9,BrandE
177,Gregory,29,Male,Sharjah,Saturday,2,06/11/2023,129.83,Produce,0,Low,0.26,0.74,Gold,Low,9,3.21,0,Mobile,Working,6,0,BOGO,56,BrandA
178,John,23,Female,Sharjah,Wednesday,4,11/11/2023,124.65,Beverages,1,Low,0.18,0.82,Bronze,Medium,9,3.64,0,Tablet,Non-Working,5,0,Cashback,51,BrandD
179,Todd,33,Female,Dubai,Monday,4,24/11/2023,284.02,Personal Care,1,Low,0.27,0.73,Silver,Low,6,3.51,0,Tablet,Working,3,1,None,38,BrandE
180,Marie,35,Male,Dubai,Monday,3,02/12/2023,238.4,Personal Care,1,Low,0.2,0.8,Bronze,Medium,8,3.32,0,Mobile,Non-Working,4,0,Cashback,30,BrandD
181,Maxwell,50,Female,Dubai,Friday,2,11/11/2023,170.19,Personal Care,1,Low,0.09,0.91,Silver,Medium,6,3.54,0,Mobile,Working,5,0,None,51,BrandB
182,Susan,48,Female,Dubai,Thursday,4,26/11/2023,209.4,Dairy,0,Medium,0.22,0.78,Silver,Medium,5,4.13,0,Mobile,Working,5,0,Cashback,36,BrandA
183,Vincent,60,Female,Abu Dhabi,Saturday,7,24/12/2023,155.31,Snacks,1,High,0.52,0.48,Bronze,Low,8,4.35,0,Mobile,Working,4,1,Discount,8,BrandD
184,Linda,46,Male,Al Ain,Saturday,3,29/11/2023,269.19,Produce,0,Medium,0.11,0.89,Bronze,Medium,7,3.89,1,Desktop,Non-Working,5,0,Cashback,33,BrandD
185,Madison,34,Female,Abu Dhabi,Tuesday,3,13/12/2023,89.04,Snacks,0,High,0.36,0.64,Gold,Low,8,3.88,1,Mobile,Working,3,1,Discount,19,BrandD
186,Ethan,22,Female,Al Ain,Tuesday,5,10/12/2023,121.7,Snacks,0,High,0.23,0.77,Bronze,Low,5,3.88,0,Mobile,Working,4,0,Discount,22,BrandB
187,Christopher,61,Male,Dubai,Saturday,4,20/12/2023,200.08,Dairy,0,Medium,0.2,0.8,Gold,High,6,3.08,0,Mobile,Non-Working,2,0,None,12,BrandB
188,Cheyenne,31,Female,Sharjah,Wednesday,2,15/12/2023,200.61,Produce,0,High,0.41,0.59,Bronze,High,9,3.17,0,Mobile,Working,5,0,Cashback,17,BrandB
189,Stephen,28,Male,Sharjah,Tuesday,4,14/11/2023,198,Dairy,1,Low,0.21,0.79,Silver,Low,5,3.26,0,Mobile,Non-Working,5,0,None,48,BrandD
190,Nicholas,21,Female,Dubai,Thursday,4,20/11/2023,273.87,Snacks,0,Medium,0.24,0.76,Bronze,Low,11,3.81,0,Mobile,Non-Working,2,0,Cashback,42,BrandB
191,David,21,Male,Dubai,Friday,3,03/12/2023,138.45,Beverages,0,Medium,0.17,0.83,Bronze,Low,7,3.71,0,Tablet,Working,2,0,BOGO,29,BrandB
192,Stephanie,28,Female,Sharjah,Saturday,1,09/11/2023,159.72,Beverages,1,Low,0.19,0.81,Silver,Medium,10,4.61,0,Desktop,Working,3,0,Cashback,53,BrandE
193,Michael,61,Male,Abu Dhabi,Thursday,4,05/11/2023,226.08,Beverages,1,Low,0.18,0.82,Silver,Low,8,3.27,0,Mobile,Working,6,0,Discount,57,BrandC
194,Shaun,36,Male,Dubai,Monday,3,25/12/2023,228.41,Personal Care,1,Low,0.26,0.74,Gold,Low,16,3.38,0,Mobile,Working,3,0,BOGO,7,BrandD
195,Lisa,41,Male,Abu Dhabi,Saturday,5,22/12/2023,275.22,Snacks,0,Medium,0.38,0.62,Bronze,Medium,6,3.71,0,Mobile,Working,6,0,None,10,BrandD
196,April,34,Female,Dubai,Thursday,3,22/11/2023,162.09,Produce,0,Medium,0.19,0.81,Silver,Medium,5,4.77,1,Mobile,Non-Working,5,0,Cashback,40,BrandC
197,David,59,Male,Dubai,Saturday,5,26/11/2023,244.81,Personal Care,0,Low,0.13,0.87,Bronze,Medium,10,3.29,0,Mobile,Working,6,0,Discount,36,BrandC
198,Logan,51,Male,Dubai,Friday,4,10/12/2023,279.14,Bakery,0,Medium,0.03,0.97,Silver,Low,9,4.75,0,Tablet,Working,2,0,None,22,BrandD
199,Misty,51,Female,Dubai,Wednesday,5,21/12/2023,248.98,Dairy,0,Medium,0.17,0.83,Bronze,Low,10,3.22,0,Mobile,Working,5,0,Discount,11,BrandA
200,Kelsey,49,Male,Dubai,Friday,2,10/12/2023,244.11,Bakery,0,Medium,0.21,0.79,Bronze,Medium,9,3.44,1,Mobile,Working,3,0,BOGO,22,BrandB
201,Nichole,26,Female,Sharjah,Saturday,3,21/11/2023,163.78,Personal Care,0,Low,0.34,0.66,Silver,Medium,9,3.57,0,Mobile,Working,1,0,Cashback,41,BrandB
202,Kimberly,26,Female,Al Ain,Saturday,3,16/11/2023,193.33,Beverages,1,Medium,0.21,0.79,Silver,Low,6,4.44,0,Mobile,Non-Working,3,0,Cashback,46,BrandC
203,Richard,38,Female,Dubai,Saturday,3,23/11/2023,165.29,Dairy,0,High,0.21,0.79,Gold,Medium,6,3.92,0,Mobile,Working,1,0,Cashback,39,BrandD
204,Ronald,29,Female,Sharjah,Friday,3,16/11/2023,202.78,Beverages,1,Medium,0.14,0.86,Bronze,Low,7,4.17,0,Desktop,Working,1,1,Discount,46,BrandB
205,Jose,47,Male,Sharjah,Saturday,5,13/12/2023,232.39,Personal Care,0,Medium,0.27,0.73,Silver,High,7,3.16,0,Mobile,Working,2,0,Cashback,19,BrandE
206,Richard,33,Male,Dubai,Saturday,4,11/11/2023,278.17,Dairy,0,Low,0.18,0.82,Gold,Medium,7,4.46,1,Mobile,Working,6,1,Discount,51,BrandC
207,Patricia,51,Female,Sharjah,Sunday,2,20/11/2023,200.46,Snacks,0,High,0.25,0.75,Silver,Low,11,3.4,0,Mobile,Non-Working,2,0,Cashback,42,BrandB
208,Amy,49,Male,Abu Dhabi,Monday,3,06/11/2023,231.12,Personal Care,1,Low,0.09,0.91,Silver,Low,7,3.98,0,Tablet,Working,4,0,Cashback,56,BrandB
209,Michael,43,Female,Dubai,Saturday,2,06/12/2023,238.95,Produce,0,Low,0.21,0.79,Bronze,Low,12,3.63,0,Mobile,Non-Working,2,0,None,26,BrandE
210,Jerry,52,Male,Dubai,Saturday,2,22/12/2023,221.57,Produce,0,Low,0.13,0.87,Bronze,Low,6,3.47,1,Mobile,Non-Working,6,0,Cashback,10,BrandE
211,Amber,54,Female,Al Ain,Sunday,6,22/11/2023,231.31,Produce,1,Low,0.12,0.88,Platinum,Low,7,3.63,0,Mobile,Working,1,0,Cashback,40,BrandD
212,April,47,Male,Sharjah,Friday,3,12/11/2023,141.3,Snacks,0,High,0.64,0.36,Gold,Medium,5,3.72,1,Mobile,Working,2,0,BOGO,50,BrandE
213,Jennifer,58,Female,Abu Dhabi,Tuesday,5,13/12/2023,197.93,Snacks,1,High,0,1,Bronze,Low,7,3.72,1,Mobile,Working,4,0,Cashback,19,BrandA
214,Christopher,34,Female,Sharjah,Saturday,6,14/11/2023,177.42,Produce,1,Medium,0.15,0.85,Bronze,Medium,8,4.78,0,Mobile,Working,1,0,Cashback,48,BrandB
215,Anna,58,Female,Dubai,Sunday,2,24/11/2023,172.07,Beverages,1,High,0.37,0.63,Bronze,Medium,10,4.42,0,Mobile,Working,3,0,Discount,38,BrandE
216,Robert,21,Male,Dubai,Thursday,5,30/11/2023,192.07,Beverages,0,Low,0.32,0.68,Bronze,Low,9,4.3,0,Mobile,Working,4,0,Discount,32,BrandE
217,Jamie,59,Male,Abu Dhabi,Wednesday,5,05/11/2023,229.31,Dairy,1,Medium,0.2,0.8,Bronze,Low,9,3.1,0,Mobile,Working,6,0,BOGO,57,BrandB
218,Robert,26,Female,Sharjah,Friday,4,21/12/2023,243.17,Snacks,0,Low,0.24,0.76,Platinum,Low,4,4.49,1,Mobile,Working,3,0,BOGO,11,BrandC
219,Johnny,22,Male,Al Ain,Monday,4,25/11/2023,166.59,Snacks,1,Medium,0.42,0.58,Gold,Low,7,3.82,0,Mobile,Working,2,0,Cashback,37,BrandC
220,Matthew,62,Female,Dubai,Sunday,3,16/12/2023,272.81,Bakery,0,Medium,0.21,0.79,Gold,Medium,7,4.38,0,Mobile,Working,4,0,BOGO,16,BrandC
221,Dana,43,Male,Dubai,Sunday,2,30/11/2023,229.08,Beverages,1,Low,0.16,0.84,Bronze,Medium,6,4.28,1,Mobile,Working,6,1,Discount,32,BrandA
222,Laurie,61,Male,Dubai,Tuesday,4,28/12/2023,194.65,Beverages,1,Low,0.22,0.78,Bronze,Medium,10,3.12,1,Desktop,Working,3,0,Cashback,4,BrandE
223,Ann,24,Female,Dubai,Tuesday,3,22/12/2023,267.12,Snacks,1,Medium,0.26,0.74,Bronze,Medium,3,3.57,0,Mobile,Working,4,1,Discount,10,BrandC
224,Lisa,47,Male,Dubai,Saturday,6,10/11/2023,271.61,Beverages,0,Medium,0.18,0.82,Bronze,Medium,16,4.02,1,Mobile,Working,4,1,Cashback,52,BrandC
225,Kenneth,41,Female,Sharjah,Saturday,2,16/11/2023,100.44,Personal Care,0,Low,0.21,0.79,Bronze,Medium,11,3.69,0,Tablet,Working,2,0,None,46,BrandE
226,Kevin,45,Female,Abu Dhabi,Saturday,3,11/11/2023,150.94,Snacks,0,Medium,0.21,0.79,Bronze,High,12,4.1,0,Mobile,Working,5,0,Discount,51,BrandE
227,Charles,34,Male,Al Ain,Wednesday,2,17/11/2023,240.19,Produce,0,High,0.46,0.54,Bronze,Low,8,3.12,0,Mobile,Non-Working,4,0,BOGO,45,BrandD
228,Sherry,50,Female,Dubai,Sunday,2,04/12/2023,197.01,Bakery,1,High,0.4,0.6,Bronze,Low,11,4.01,1,Mobile,Working,3,0,BOGO,28,BrandB
229,Tracy,50,Male,Al Ain,Friday,6,21/12/2023,40,Bakery,0,High,0.35,0.65,Bronze,Low,12,4.45,0,Desktop,Working,6,0,BOGO,11,BrandC
230,Robert,61,Male,Abu Dhabi,Monday,3,28/11/2023,183.36,Personal Care,0,Medium,0.13,0.87,Bronze,Medium,12,3.35,1,Mobile,Non-Working,3,0,BOGO,34,BrandC
231,Kathryn,29,Male,Dubai,Sunday,2,25/11/2023,251.74,Dairy,0,Medium,0.19,0.81,Bronze,Medium,12,3.99,0,Mobile,Non-Working,3,0,Discount,37,BrandA
232,David,29,Female,Sharjah,Friday,3,08/11/2023,173.01,Produce,1,High,0.38,0.62,Silver,Low,8,3.43,1,Desktop,Working,4,1,Cashback,54,BrandB
233,Charles,64,Male,Dubai,Saturday,3,03/12/2023,240.25,Bakery,1,Medium,0.13,0.87,Bronze,Medium,8,3.62,0,Mobile,Working,1,0,Cashback,29,BrandB
234,Joshua,37,Male,Dubai,Wednesday,3,27/11/2023,247.14,Dairy,1,Medium,0.12,0.88,Bronze,Low,5,4.61,0,Desktop,Non-Working,1,0,BOGO,35,BrandE
235,Raymond,47,Male,Dubai,Thursday,7,11/12/2023,212.62,Beverages,0,High,0.22,0.78,Bronze,High,8,4.8,0,Mobile,Non-Working,2,0,Cashback,21,BrandC
236,James,59,Male,Dubai,Tuesday,2,28/12/2023,221.44,Dairy,1,Medium,0.37,0.63,Bronze,Low,5,4.21,1,Mobile,Working,5,0,Discount,4,BrandC
237,Richard,33,Female,Sharjah,Tuesday,7,22/12/2023,246.86,Personal Care,1,Medium,0.11,0.89,Platinum,Low,8,4.65,1,Mobile,Working,5,0,None,10,BrandD
238,Rebecca,40,Female,Dubai,Monday,4,15/11/2023,264.27,Snacks,0,High,0.42,0.58,Silver,Medium,11,4.14,1,Desktop,Non-Working,3,0,None,47,BrandE
239,Tammy,33,Female,Abu Dhabi,Wednesday,1,03/11/2023,210.62,Bakery,1,Low,0.29,0.71,Bronze,Low,9,4.03,0,Desktop,Working,3,0,Discount,59,BrandD
240,Charles,27,Female,Dubai,Monday,3,07/11/2023,196.37,Dairy,0,Medium,0.17,0.83,Silver,Low,11,4.16,1,Mobile,Working,5,0,Cashback,55,BrandD
241,Colton,24,Female,Dubai,Saturday,2,17/12/2023,215.6,Bakery,0,Medium,0.1,0.9,Silver,Low,11,3.4,1,Mobile,Working,3,0,None,15,BrandB
242,Jill,41,Female,Al Ain,Friday,2,04/11/2023,139.84,Beverages,0,Medium,0.24,0.76,Bronze,Low,5,3.39,0,Mobile,Working,6,0,None,58,BrandC
243,Melissa,50,Female,Dubai,Friday,8,14/12/2023,229.7,Personal Care,1,Medium,0.25,0.75,Bronze,Medium,6,3.52,1,Mobile,Non-Working,6,0,Cashback,18,BrandD
244,Dorothy,38,Female,Sharjah,Sunday,1,14/12/2023,192.26,Personal Care,1,High,0.15,0.85,Gold,Low,10,3.19,1,Mobile,Working,5,0,Cashback,18,BrandA
245,Jason,35,Male,Sharjah,Saturday,2,13/12/2023,173.76,Produce,1,Medium,0.26,0.74,Gold,Medium,5,3.12,0,Mobile,Working,4,0,Cashback,19,BrandA
246,Peter,58,Male,Dubai,Monday,2,05/12/2023,315.26,Snacks,0,High,0.48,0.52,Gold,Low,5,3.12,0,Mobile,Working,3,0,None,27,BrandA
247,Kathryn,49,Female,Al Ain,Friday,2,26/12/2023,170.39,Beverages,1,Medium,0.36,0.64,Gold,Medium,9,3.57,0,Mobile,Non-Working,3,0,Cashback,6,BrandE
248,Wanda,51,Male,Dubai,Friday,1,17/12/2023,209.78,Beverages,0,Medium,0.24,0.76,Bronze,Medium,9,4.83,1,Tablet,Working,6,0,BOGO,15,BrandC
249,Kirk,42,Female,Dubai,Tuesday,4,08/12/2023,273.5,Dairy,1,Medium,0.4,0.6,Bronze,Low,8,4.56,0,Desktop,Working,2,1,BOGO,24,BrandE
250,Pamela,45,Male,Al Ain,Thursday,4,30/12/2023,162.16,Dairy,0,High,0.66,0.34,Silver,High,10,3.96,1,Mobile,Working,6,0,Discount,2,BrandE
251,Tiffany,30,Female,Dubai,Tuesday,2,26/11/2023,291.86,Produce,0,High,0.41,0.59,Silver,Medium,9,3.02,0,Mobile,Working,1,0,Cashback,36,BrandB
252,Manuel,38,Female,Al Ain,Sunday,4,21/12/2023,213.44,Personal Care,1,Low,0.2,0.8,Bronze,High,6,3.42,1,Tablet,Working,4,0,Discount,11,BrandE
253,Kim,59,Female,Sharjah,Sunday,2,15/11/2023,222.43,Dairy,0,High,0.44,0.56,Silver,High,13,4.66,1,Desktop,Working,3,0,Discount,47,BrandB
254,Jennifer,46,Female,Dubai,Monday,6,29/12/2023,230.3,Bakery,1,Low,0.08,0.92,Bronze,Medium,10,4.37,1,Mobile,Non-Working,5,0,Discount,3,BrandB
255,Kathryn,34,Female,Dubai,Friday,5,04/12/2023,194.31,Snacks,0,Low,0.1,0.9,Silver,Low,5,3.42,0,Mobile,Working,1,0,BOGO,28,BrandA
256,Aaron,32,Female,Sharjah,Friday,3,23/11/2023,229.21,Bakery,0,High,0.35,0.65,Silver,Low,4,4.84,1,Desktop,Working,2,0,Discount,39,BrandA
257,Madeline,52,Female,Al Ain,Monday,6,24/12/2023,174.39,Beverages,1,Low,0.09,0.91,Bronze,High,9,3.18,0,Tablet,Working,1,0,Cashback,8,BrandD
258,Tonya,46,Female,Al Ain,Saturday,8,12/12/2023,182.46,Personal Care,0,High,0.27,0.73,Bronze,Medium,5,3.94,1,Tablet,Working,3,0,BOGO,20,BrandE
259,Katrina,38,Male,Al Ain,Saturday,3,20/11/2023,151.6,Bakery,1,Medium,0.28,0.72,Silver,Medium,12,4.3,0,Mobile,Working,6,0,Discount,42,BrandB
260,Kevin,59,Female,Dubai,Monday,2,30/12/2023,182.69,Produce,0,Low,0.14,0.86,Silver,High,6,3.92,0,Mobile,Working,4,0,Cashback,2,BrandB
261,Sarah,60,Female,Dubai,Sunday,6,09/11/2023,160.6,Personal Care,1,Medium,0.12,0.88,Bronze,Medium,8,3.13,0,Desktop,Non-Working,4,0,None,53,BrandA
262,Molly,42,Female,Sharjah,Tuesday,4,16/12/2023,186.69,Bakery,0,Medium,0.06,0.94,Platinum,High,8,3.05,0,Mobile,Working,3,0,Discount,16,BrandC
263,Angel,39,Male,Sharjah,Tuesday,4,28/12/2023,206.95,Beverages,0,High,0.38,0.62,Bronze,Low,11,4.55,0,Desktop,Non-Working,3,0,None,4,BrandC
264,Veronica,42,Female,Abu Dhabi,Saturday,3,11/12/2023,201.81,Personal Care,0,Low,0.12,0.88,Silver,Low,6,4.81,0,Desktop,Working,4,0,Discount,21,BrandB
265,Jerry,31,Female,Sharjah,Thursday,3,03/11/2023,99.52,Produce,0,Medium,0.07,0.93,Gold,Medium,5,4.87,1,Mobile,Working,1,0,BOGO,59,BrandB
266,Charlotte,31,Male,Abu Dhabi,Friday,4,07/11/2023,216.56,Snacks,0,High,0.25,0.75,Bronze,Medium,6,4.15,0,Tablet,Working,3,0,Cashback,55,BrandB
267,Christopher,42,Female,Abu Dhabi,Tuesday,3,11/11/2023,147.27,Dairy,1,Low,0.16,0.84,Silver,High,4,4.53,0,Mobile,Working,5,0,None,51,BrandA
268,Lisa,56,Male,Dubai,Monday,3,19/12/2023,253.54,Dairy,0,High,0,1,Silver,Medium,6,4.14,0,Mobile,Non-Working,5,0,Discount,13,BrandD
269,Mary,45,Male,Abu Dhabi,Tuesday,3,28/11/2023,180.24,Bakery,0,High,0.35,0.65,Silver,Medium,9,3.97,0,Tablet,Working,4,0,BOGO,34,BrandC
270,Nicole,62,Female,Sharjah,Monday,1,04/11/2023,243.95,Produce,1,Medium,0.15,0.85,Silver,Medium,6,4.69,0,Mobile,Non-Working,2,0,Cashback,58,BrandD
271,Theresa,30,Male,Sharjah,Monday,4,28/11/2023,167.54,Beverages,0,Medium,0.15,0.85,Bronze,High,12,4.53,0,Desktop,Working,4,0,Discount,34,BrandE
272,Katherine,35,Male,Sharjah,Monday,1,06/12/2023,239.63,Snacks,0,Low,0.31,0.69,Silver,Medium,9,4.28,0,Mobile,Working,4,0,Cashback,26,BrandB
273,Anthony,36,Female,Sharjah,Saturday,5,27/11/2023,113.39,Bakery,0,Medium,0.12,0.88,Bronze,Medium,7,3.37,0,Desktop,Working,4,1,None,35,BrandD
274,Jaime,28,Male,Dubai,Friday,3,17/12/2023,204.69,Bakery,0,High,0.41,0.59,Silver,Medium,11,4.02,0,Mobile,Working,4,1,Cashback,15,BrandA
275,Matthew,61,Female,Dubai,Saturday,3,06/12/2023,318.46,Bakery,0,High,0.08,0.92,Silver,Medium,10,4.3,0,Mobile,Working,4,1,BOGO,26,BrandD
276,Meredith,41,Female,Dubai,Sunday,6,22/12/2023,228.94,Dairy,1,High,0.61,0.39,Bronze,Medium,9,4.9,0,Tablet,Non-Working,4,0,BOGO,10,BrandA
277,Michelle,54,Male,Dubai,Thursday,5,08/12/2023,190.6,Bakery,1,Medium,0.27,0.73,Bronze,High,11,3.74,0,Mobile,Working,5,0,None,24,BrandA
278,Tyler,42,Male,Dubai,Sunday,5,09/12/2023,202.11,Beverages,1,Low,0.46,0.54,Bronze,Medium,6,4.81,0,Mobile,Working,3,1,Cashback,23,BrandD
279,Thomas,54,Male,Abu Dhabi,Saturday,3,09/12/2023,208.08,Beverages,0,High,0.49,0.51,Gold,Medium,5,4.62,0,Mobile,Working,2,0,Cashback,23,BrandD
280,Raven,27,Male,Sharjah,Tuesday,2,16/11/2023,154.3,Personal Care,0,Low,0.21,0.79,Silver,Low,7,4.47,0,Mobile,Working,5,1,Cashback,46,BrandD
281,Megan,46,Male,Abu Dhabi,Saturday,4,16/11/2023,163.77,Personal Care,0,Low,0.17,0.83,Bronze,Medium,8,3.49,1,Mobile,Working,6,1,Discount,46,BrandA
282,Barbara,63,Female,Dubai,Saturday,3,09/11/2023,224.05,Dairy,0,High,0.33,0.67,Silver,Medium,7,4.57,0,Mobile,Working,3,0,Discount,53,BrandA
283,Matthew,53,Female,Abu Dhabi,Tuesday,2,07/11/2023,157.3,Personal Care,0,Low,0.22,0.78,Silver,Low,8,4.93,0,Mobile,Working,4,0,BOGO,55,BrandA
284,William,46,Male,Dubai,Monday,1,25/12/2023,197.02,Snacks,1,Medium,0.16,0.84,Gold,Medium,11,3.02,1,Mobile,Non-Working,3,0,None,7,BrandA
285,Kristin,48,Female,Al Ain,Friday,3,12/12/2023,218.27,Dairy,0,High,0.12,0.88,Bronze,Low,7,3.82,0,Mobile,Working,2,1,Cashback,20,BrandA
286,Daniel,64,Female,Dubai,Thursday,5,06/12/2023,189.66,Produce,1,High,0.3,0.7,Bronze,Low,8,3.59,1,Mobile,Working,4,0,Cashback,26,BrandA
287,Andrew,61,Female,Dubai,Thursday,1,30/12/2023,228.51,Snacks,0,High,0.5,0.5,Silver,High,11,3.28,0,Mobile,Non-Working,5,0,Discount,2,BrandD
288,Randy,34,Female,Dubai,Tuesday,3,17/11/2023,261.73,Personal Care,1,Medium,0.24,0.76,Bronze,Medium,9,3.89,0,Mobile,Working,5,0,Discount,45,BrandD
289,Jake,21,Male,Dubai,Saturday,5,03/12/2023,245.7,Produce,0,High,0.66,0.34,Gold,High,4,3.06,1,Mobile,Working,4,0,None,29,BrandE
290,Ashley,59,Female,Dubai,Sunday,4,12/12/2023,225.94,Dairy,0,Low,0.16,0.84,Bronze,High,10,4.95,0,Tablet,Working,5,0,Cashback,20,BrandB
291,Matthew,34,Male,Dubai,Wednesday,3,06/11/2023,274.69,Personal Care,1,High,0.45,0.55,Platinum,High,7,3.62,1,Desktop,Non-Working,3,1,BOGO,56,BrandC
292,Melissa,62,Male,Dubai,Tuesday,3,24/12/2023,172.26,Dairy,0,Medium,0.17,0.83,Platinum,Medium,8,4.71,0,Tablet,Non-Working,1,0,Discount,8,BrandA
293,Walter,63,Female,Sharjah,Monday,3,08/12/2023,265.53,Produce,1,High,0.24,0.76,Bronze,Medium,5,3.24,0,Mobile,Working,3,0,None,24,BrandE
294,Peter,42,Female,Sharjah,Tuesday,2,06/12/2023,179.56,Beverages,1,High,0.54,0.46,Bronze,High,7,3.83,0,Mobile,Working,5,1,Cashback,26,BrandC
295,Leslie,22,Female,Dubai,Thursday,3,19/12/2023,318.95,Snacks,0,Low,0.28,0.72,Gold,High,12,4.74,1,Mobile,Non-Working,6,0,Cashback,13,BrandE
296,Barbara,60,Male,Sharjah,Sunday,5,22/12/2023,195.2,Personal Care,0,Low,0.21,0.79,Silver,Medium,7,4.7,1,Mobile,Working,5,0,Discount,10,BrandA
297,Lindsey,24,Female,Sharjah,Thursday,2,14/12/2023,191.11,Beverages,0,Low,0.21,0.79,Silver,Medium,8,4.33,0,Desktop,Working,2,0,Discount,18,BrandC
298,Lauren,29,Female,Abu Dhabi,Saturday,6,27/12/2023,132.39,Personal Care,0,Medium,0.17,0.83,Bronze,Medium,9,3.38,1,Mobile,Working,1,0,BOGO,5,BrandB
299,Peter,28,Male,Sharjah,Saturday,4,03/12/2023,184.46,Bakery,0,Medium,0.18,0.82,Bronze,Low,5,4.96,0,Mobile,Non-Working,4,0,Discount,29,BrandD
300,Joshua,25,Female,Al Ain,Monday,1,24/12/2023,189.72,Beverages,0,High,0.37,0.63,Bronze,High,7,3.96,0,Desktop,Working,6,0,Cashback,8,BrandD
301,Kayla,58,Male,Al Ain,Saturday,2,24/11/2023,119.5,Dairy,0,Low,0.22,0.78,Silver,Medium,4,3,0,Mobile,Working,2,0,None,38,BrandD
302,Kurt,35,Female,Dubai,Saturday,5,03/11/2023,135.54,Snacks,1,High,0.16,0.84,Bronze,Low,5,4.91,0,Mobile,Working,1,0,Discount,59,BrandE
303,Nicole,22,Male,Al Ain,Saturday,2,29/11/2023,181.49,Personal Care,0,High,0.52,0.48,Platinum,High,5,3.35,0,Desktop,Working,3,0,Discount,33,BrandD
304,Robert,57,Female,Sharjah,Sunday,2,03/11/2023,143.53,Personal Care,1,High,0.4,0.6,Silver,High,9,4.3,0,Mobile,Working,2,1,Discount,59,BrandE
305,Joshua,43,Female,Al Ain,Saturday,7,29/12/2023,167.42,Personal Care,0,Medium,0.07,0.93,Bronze,Medium,7,4.95,0,Mobile,Non-Working,1,0,Cashback,3,BrandB
306,Matthew,49,Female,Sharjah,Wednesday,4,10/11/2023,169.06,Bakery,0,Medium,0.25,0.75,Silver,Low,8,4.97,0,Mobile,Working,5,0,Discount,52,BrandA
307,Elizabeth,39,Female,Dubai,Saturday,6,14/11/2023,240.94,Bakery,0,Medium,0.15,0.85,Silver,High,7,3.95,1,Mobile,Working,6,1,Cashback,48,BrandA
308,Stacey,55,Male,Sharjah,Thursday,3,04/12/2023,134.71,Dairy,0,Medium,0.3,0.7,Silver,High,10,3.32,0,Mobile,Working,1,0,Discount,28,BrandC
309,Jennifer,35,Female,Dubai,Monday,3,11/11/2023,211.94,Snacks,0,Medium,0.17,0.83,Bronze,Medium,9,4.83,1,Mobile,Working,3,0,Discount,51,BrandC
310,Michael,53,Female,Abu Dhabi,Friday,5,13/11/2023,148.1,Produce,1,High,0.45,0.55,Silver,High,10,3.51,1,Mobile,Non-Working,1,0,Discount,49,BrandE
311,Danielle,23,Male,Dubai,Saturday,4,20/11/2023,188.36,Produce,0,Medium,0.22,0.78,Gold,Medium,7,4.64,0,Mobile,Non-Working,5,0,Discount,42,BrandC
312,Amanda,50,Male,Dubai,Saturday,5,19/11/2023,321.13,Personal Care,0,High,0.15,0.85,Gold,Low,6,4.06,0,Mobile,Working,6,0,BOGO,43,BrandB
313,Ariel,24,Female,Dubai,Tuesday,2,29/11/2023,223.37,Dairy,0,Low,0.24,0.76,Bronze,Medium,12,4.27,0,Mobile,Working,4,0,BOGO,33,BrandE
314,Harold,49,Male,Abu Dhabi,Saturday,5,15/12/2023,47.31,Snacks,0,Low,0.14,0.86,Silver,Medium,6,4.45,1,Mobile,Working,4,0,Discount,17,BrandA
315,David,28,Male,Abu Dhabi,Thursday,2,27/12/2023,236.75,Produce,1,High,0.54,0.46,Bronze,Medium,6,3.27,0,Mobile,Working,6,0,Discount,5,BrandC
316,Karen,21,Female,Dubai,Saturday,2,07/12/2023,243.53,Snacks,0,Medium,0.06,0.94,Gold,Low,6,3.35,0,Mobile,Working,4,0,BOGO,25,BrandC
317,Kaitlin,35,Female,Abu Dhabi,Sunday,1,15/11/2023,256.05,Beverages,0,High,0.45,0.55,Gold,Medium,5,4.17,0,Tablet,Working,4,0,BOGO,47,BrandB
318,Toni,45,Male,Dubai,Friday,3,17/11/2023,250.13,Snacks,1,High,0.19,0.81,Bronze,High,14,3.66,0,Desktop,Working,2,0,None,45,BrandE
319,Corey,22,Male,Abu Dhabi,Sunday,1,13/11/2023,248.43,Dairy,0,High,0.41,0.59,Bronze,Low,12,3.57,0,Tablet,Non-Working,1,0,None,49,BrandD
320,Lorraine,49,Male,Sharjah,Sunday,2,25/12/2023,102.29,Beverages,1,Medium,0.31,0.69,Bronze,Low,6,3.06,0,Mobile,Non-Working,6,0,Discount,7,BrandC
321,William,57,Female,Dubai,Tuesday,3,10/11/2023,217.71,Beverages,1,Medium,0.24,0.76,Silver,Medium,6,4.9,0,Desktop,Working,2,0,Cashback,52,BrandC
322,Cheryl,35,Female,Sharjah,Thursday,3,03/12/2023,196.71,Beverages,1,Medium,0.13,0.87,Bronze,High,6,4.43,0,Mobile,Non-Working,3,0,None,29,BrandD
323,Benjamin,44,Female,Sharjah,Wednesday,4,08/12/2023,218.31,Personal Care,0,Medium,0.16,0.84,Gold,Low,13,4.71,0,Mobile,Non-Working,6,0,None,24,BrandD
324,Michelle,40,Male,Dubai,Thursday,3,21/12/2023,217.56,Snacks,0,High,0.26,0.74,Bronze,High,4,3.41,0,Mobile,Working,5,0,BOGO,11,BrandB
325,Stacy,30,Female,Dubai,Friday,2,03/12/2023,230.4,Beverages,1,Low,0.09,0.91,Bronze,High,8,4.73,0,Desktop,Working,3,0,Discount,29,BrandA
326,Joshua,28,Female,Sharjah,Wednesday,2,12/12/2023,194.17,Snacks,1,Medium,0.17,0.83,Gold,High,5,4.15,0,Mobile,Working,3,0,Discount,20,BrandD
327,Teresa,41,Female,Abu Dhabi,Sunday,2,08/12/2023,234.03,Snacks,0,High,0.66,0.34,Silver,Medium,10,4.03,0,Mobile,Non-Working,5,0,None,24,BrandD
328,Manuel,60,Female,Sharjah,Tuesday,1,17/12/2023,237.91,Beverages,0,High,0.28,0.72,Silver,Medium,7,3.8,1,Mobile,Non-Working,2,0,Discount,15,BrandD
329,Veronica,28,Male,Abu Dhabi,Thursday,5,19/12/2023,202.65,Personal Care,1,Medium,0.22,0.78,Bronze,Low,11,4.39,0,Mobile,Non-Working,4,0,BOGO,13,BrandA
330,Sheila,44,Female,Dubai,Wednesday,6,17/11/2023,220.68,Beverages,1,Medium,0.05,0.95,Bronze,Medium,11,4.25,1,Mobile,Working,5,0,Discount,45,BrandC
331,Andrew,53,Male,Dubai,Tuesday,1,21/11/2023,272.24,Beverages,1,High,0.57,0.43,Silver,High,12,4.82,0,Mobile,Working,3,0,BOGO,41,BrandE
332,Thomas,64,Male,Dubai,Thursday,3,20/11/2023,202.91,Beverages,0,High,0.31,0.69,Bronze,Low,7,3.31,1,Mobile,Working,3,0,BOGO,42,BrandA
333,Elizabeth,58,Female,Dubai,Monday,5,11/12/2023,221.3,Dairy,0,High,0.39,0.61,Bronze,Medium,7,4.41,0,Mobile,Working,3,0,Cashback,21,BrandC
334,Anthony,29,Male,Al Ain,Thursday,4,24/12/2023,163.09,Personal Care,0,High,0.2,0.8,Silver,Medium,7,3.92,0,Mobile,Working,1,0,Discount,8,BrandB
335,Jose,28,Male,Sharjah,Saturday,2,24/11/2023,177.72,Personal Care,0,Low,0.16,0.84,Bronze,Medium,4,3.96,1,Mobile,Working,5,0,Discount,38,BrandE
336,Karen,52,Female,Sharjah,Thursday,2,07/11/2023,137.7,Beverages,0,Medium,0.19,0.81,Bronze,High,7,3.66,0,Mobile,Non-Working,1,0,None,55,BrandE
337,Angelica,41,Male,Sharjah,Thursday,5,19/12/2023,222.87,Bakery,1,Low,0.24,0.76,Bronze,High,7,4.45,1,Desktop,Non-Working,6,1,Cashback,13,BrandE
338,Jennifer,48,Female,Abu Dhabi,Saturday,2,09/12/2023,184.13,Produce,0,High,0.07,0.93,Silver,Medium,8,3.36,0,Mobile,Non-Working,1,0,Discount,23,BrandB
339,Taylor,21,Female,Dubai,Tuesday,3,20/12/2023,283.88,Produce,1,Medium,0.08,0.92,Silver,High,10,4.31,1,Mobile,Non-Working,4,0,Cashback,12,BrandE
340,Angela,40,Female,Dubai,Wednesday,4,21/11/2023,291.79,Bakery,0,Low,0.18,0.82,Bronze,Low,5,4.41,0,Mobile,Non-Working,1,1,BOGO,41,BrandB
341,Madeline,50,Male,Abu Dhabi,Monday,2,14/12/2023,172.02,Dairy,0,High,0.02,0.98,Bronze,High,7,3.95,0,Mobile,Working,1,0,BOGO,18,BrandA
342,Dawn,55,Female,Abu Dhabi,Saturday,6,16/12/2023,175.82,Beverages,1,Medium,0.17,0.83,Silver,Low,8,4.68,0,Tablet,Working,2,1,None,16,BrandE
343,Andrew,63,Female,Dubai,Friday,2,06/12/2023,194.1,Produce,1,Medium,0.19,0.81,Gold,High,4,3.48,1,Mobile,Working,2,0,Cashback,26,BrandD
344,Cindy,59,Female,Abu Dhabi,Friday,1,04/12/2023,98.85,Bakery,0,High,0.28,0.72,Silver,High,13,3.35,0,Tablet,Working,5,0,Discount,28,BrandC
345,Lori,28,Male,Dubai,Thursday,2,29/12/2023,198.66,Beverages,0,Medium,0.11,0.89,Platinum,Medium,8,4.98,0,Mobile,Working,2,0,BOGO,3,BrandE
346,Rebecca,25,Male,Al Ain,Monday,6,09/12/2023,156.83,Personal Care,0,High,0.16,0.84,Bronze,High,5,3.01,0,Mobile,Working,4,0,BOGO,23,BrandB
347,Isaac,21,Female,Dubai,Sunday,3,16/11/2023,191.62,Snacks,1,Low,0.19,0.81,Bronze,Low,6,3.8,0,Desktop,Working,5,1,None,46,BrandE
348,William,49,Female,Abu Dhabi,Tuesday,4,26/11/2023,206.17,Bakery,0,High,0.38,0.62,Bronze,Low,6,3.01,1,Mobile,Working,4,1,Discount,36,BrandC
349,Jennifer,47,Female,Abu Dhabi,Saturday,2,28/11/2023,215.51,Dairy,0,Low,0.17,0.83,Platinum,Low,3,4.78,0,Mobile,Non-Working,6,0,Cashback,34,BrandD
350,Gloria,40,Male,Dubai,Monday,2,03/11/2023,205.59,Produce,1,Medium,0.16,0.84,Silver,Low,11,4.89,0,Mobile,Non-Working,2,0,Cashback,59,BrandB
351,Mia,55,Male,Dubai,Thursday,3,04/12/2023,179.48,Personal Care,0,Medium,0.27,0.73,Bronze,Low,14,4.69,0,Mobile,Working,5,0,Cashback,28,BrandE
352,Andrea,46,Female,Dubai,Saturday,2,02/12/2023,198.58,Personal Care,1,Medium,0.21,0.79,Bronze,Medium,7,3.88,0,Mobile,Working,6,0,None,30,BrandB
353,Duane,60,Female,Dubai,Friday,1,23/11/2023,168.46,Beverages,1,Low,0.2,0.8,Gold,Low,9,4.66,0,Mobile,Non-Working,3,0,Discount,39,BrandE
354,Michael,53,Female,Dubai,Monday,4,11/11/2023,239.85,Beverages,1,Medium,0.34,0.66,Gold,Low,10,4.72,0,Mobile,Working,2,0,Discount,51,BrandD
355,Ashley,24,Male,Dubai,Tuesday,3,14/12/2023,208.89,Dairy,1,High,0.16,0.84,Bronze,Low,8,4.91,0,Mobile,Working,3,1,BOGO,18,BrandE
356,Christine,39,Male,Sharjah,Saturday,5,25/11/2023,194.16,Dairy,1,High,0.66,0.34,Silver,Low,12,4.04,0,Mobile,Non-Working,6,0,Discount,37,BrandB
357,Diane,50,Male,Al Ain,Monday,3,16/11/2023,202.54,Produce,0,Medium,0.23,0.77,Silver,Low,5,4.01,0,Mobile,Working,4,0,None,46,BrandA
358,Brenda,30,Male,Dubai,Wednesday,3,28/11/2023,238.51,Bakery,0,High,0.51,0.49,Bronze,Medium,9,4.03,0,Mobile,Non-Working,2,0,BOGO,34,BrandA
359,Jill,51,Female,Al Ain,Sunday,2,09/12/2023,194.83,Personal Care,1,High,0.17,0.83,Gold,Low,9,3.45,1,Mobile,Working,4,0,Cashback,23,BrandC
360,Christopher,41,Female,Dubai,Saturday,5,17/11/2023,247.23,Bakery,0,High,0.28,0.72,Silver,High,5,4.41,0,Mobile,Non-Working,3,0,Discount,45,BrandA
361,Michelle,34,Female,Dubai,Thursday,5,30/11/2023,325.89,Dairy,0,Medium,0.32,0.68,Silver,Low,7,3.92,1,Mobile,Working,3,0,BOGO,32,BrandB
362,Jennifer,43,Female,Dubai,Tuesday,4,15/11/2023,256.68,Dairy,0,High,0.58,0.42,Bronze,Low,11,4.51,1,Tablet,Working,3,0,Discount,47,BrandD
363,Austin,44,Female,Abu Dhabi,Saturday,2,13/12/2023,232.26,Dairy,0,High,0.72,0.28,Gold,High,8,3.39,0,Mobile,Non-Working,4,0,Discount,19,BrandB
364,Tammy,63,Male,Abu Dhabi,Sunday,4,12/11/2023,151.78,Personal Care,0,Low,0.18,0.82,Platinum,Low,5,4.34,1,Mobile,Working,6,0,Cashback,50,BrandD
365,Elizabeth,59,Male,Dubai,Wednesday,2,03/12/2023,245.68,Personal Care,1,Medium,0.2,0.8,Bronze,Medium,9,3.45,1,Mobile,Working,3,0,Cashback,29,BrandB
366,Albert,46,Male,Dubai,Friday,3,02/12/2023,136.34,Produce,0,High,0.56,0.44,Silver,Medium,10,4.36,0,Mobile,Working,5,0,Discount,30,BrandC
367,Briana,37,Male,Dubai,Thursday,6,23/12/2023,260.34,Beverages,0,Low,0.22,0.78,Bronze,Medium,10,4.34,0,Mobile,Working,2,0,Cashback,9,BrandA
368,Jacqueline,56,Male,Sharjah,Saturday,2,19/11/2023,199.59,Dairy,0,High,0.26,0.74,Bronze,Medium,12,3.02,0,Mobile,Working,3,0,Cashback,43,BrandC
369,Paul,26,Female,Dubai,Saturday,6,14/11/2023,248.88,Produce,0,High,0.03,0.97,Bronze,Low,13,4.89,0,Desktop,Non-Working,6,0,Cashback,48,BrandA
370,Christopher,51,Male,Dubai,Sunday,4,04/11/2023,223.28,Personal Care,0,High,0.31,0.69,Bronze,Low,6,4.09,0,Mobile,Non-Working,3,0,Discount,58,BrandE
371,John,42,Female,Dubai,Monday,4,10/12/2023,216.89,Beverages,1,Medium,0.15,0.85,Bronze,Low,5,3.37,0,Mobile,Working,1,0,Cashback,22,BrandB
372,Sheri,43,Female,Sharjah,Saturday,5,18/12/2023,130.66,Beverages,0,High,0.39,0.61,Silver,Medium,8,3.58,1,Mobile,Working,2,1,Discount,14,BrandC
373,Douglas,25,Male,Dubai,Wednesday,1,15/11/2023,274.5,Beverages,1,Low,0.08,0.92,Silver,High,7,3.04,0,Tablet,Working,3,1,None,47,BrandB
374,Amanda,60,Female,Sharjah,Sunday,6,11/12/2023,180.58,Bakery,0,High,0.48,0.52,Gold,Medium,8,4.89,0,Mobile,Non-Working,2,1,Discount,21,BrandA
375,Michelle,50,Female,Dubai,Friday,4,01/12/2023,172.94,Personal Care,0,High,0.34,0.66,Silver,High,6,3.81,0,Mobile,Working,5,0,Discount,31,BrandD
376,Parker,28,Male,Dubai,Sunday,3,23/11/2023,211.98,Bakery,0,Medium,0.14,0.86,Silver,High,6,4.11,0,Desktop,Non-Working,6,0,Cashback,39,BrandB
377,Madison,21,Female,Dubai,Sunday,5,28/12/2023,188.37,Beverages,0,High,0.41,0.59,Bronze,Medium,6,4.4,0,Mobile,Working,2,0,BOGO,4,BrandC
378,Vanessa,37,Female,Dubai,Friday,3,06/11/2023,214.76,Bakery,1,Low,0.25,0.75,Bronze,High,9,3.64,1,Mobile,Non-Working,3,0,Discount,56,BrandD
379,Tina,33,Male,Sharjah,Tuesday,3,18/12/2023,158,Personal Care,1,High,0.33,0.67,Silver,Low,8,3.91,1,Mobile,Working,6,0,Discount,14,BrandA
380,Samuel,45,Male,Al Ain,Saturday,4,12/11/2023,161.01,Dairy,0,High,0.15,0.85,Bronze,Medium,8,3.68,0,Mobile,Working,5,0,BOGO,50,BrandA
381,Kimberly,48,Female,Dubai,Thursday,3,07/11/2023,241.87,Produce,0,Low,0.18,0.82,Silver,Low,8,4.31,0,Mobile,Working,3,0,Discount,55,BrandC
382,Martin,55,Male,Dubai,Saturday,4,17/12/2023,220.52,Beverages,0,Medium,0.18,0.82,Bronze,Medium,9,3.24,0,Mobile,Working,3,0,Discount,15,BrandA
383,Anthony,64,Female,Al Ain,Saturday,5,29/12/2023,120.64,Personal Care,1,Low,0.33,0.67,Bronze,Low,6,4.24,1,Mobile,Working,2,0,Discount,3,BrandC
384,Denise,41,Female,Sharjah,Thursday,4,05/11/2023,162.49,Snacks,0,High,0.57,0.43,Gold,Low,4,4.15,0,Mobile,Working,6,0,BOGO,57,BrandA
385,Elizabeth,27,Female,Dubai,Wednesday,2,22/12/2023,175.36,Dairy,1,High,0.58,0.42,Silver,Low,8,3.93,0,Mobile,Non-Working,6,0,BOGO,10,BrandC
386,Donna,35,Male,Dubai,Thursday,3,22/11/2023,291.16,Bakery,0,Low,0.17,0.83,Gold,Medium,6,3.37,0,Desktop,Working,6,0,None,40,BrandE
387,Ryan,46,Female,Sharjah,Saturday,4,20/12/2023,138.94,Produce,0,Low,0.14,0.86,Silver,Low,9,4.13,0,Desktop,Non-Working,5,1,Discount,12,BrandB
388,Ivan,56,Male,Abu Dhabi,Tuesday,2,26/11/2023,113.87,Snacks,0,Low,0.26,0.74,Gold,Medium,11,3.28,0,Mobile,Working,2,0,Discount,36,BrandE
389,Philip,46,Female,Abu Dhabi,Friday,3,09/12/2023,233.03,Personal Care,0,Medium,0.15,0.85,Gold,Low,9,3.57,1,Mobile,Working,4,0,Cashback,23,BrandD
390,Madeline,62,Male,Dubai,Saturday,4,05/12/2023,227.57,Personal Care,0,Medium,0.26,0.74,Bronze,Low,5,3.29,0,Mobile,Working,3,0,Discount,27,BrandD
391,Monica,59,Male,Al Ain,Tuesday,3,25/12/2023,202.14,Produce,1,Medium,0.21,0.79,Bronze,Low,7,3.73,0,Mobile,Working,2,0,Discount,7,BrandA
392,Kristine,41,Male,Dubai,Friday,4,28/11/2023,200.06,Produce,0,Medium,0.16,0.84,Silver,Medium,13,3.95,1,Tablet,Working,4,0,Discount,34,BrandE
393,Mary,54,Male,Dubai,Monday,7,24/12/2023,249.33,Personal Care,0,High,0.42,0.58,Silver,Low,8,4.91,1,Desktop,Working,1,0,BOGO,8,BrandA
394,Joseph,58,Male,Dubai,Thursday,5,04/12/2023,235.81,Beverages,1,Medium,0.13,0.87,Silver,Medium,15,4.87,0,Tablet,Working,4,0,None,28,BrandD
395,Natalie,31,Male,Abu Dhabi,Thursday,4,02/12/2023,118.41,Bakery,1,High,0.34,0.66,Bronze,Low,9,4.62,0,Mobile,Working,2,0,BOGO,30,BrandB
396,Melissa,32,Male,Al Ain,Friday,2,06/11/2023,205.3,Personal Care,0,Medium,0.16,0.84,Gold,Low,9,3.52,1,Mobile,Working,4,0,Discount,56,BrandD
397,Angela,34,Female,Dubai,Monday,2,14/12/2023,199.6,Bakery,1,Medium,0.17,0.83,Gold,High,6,3.05,0,Mobile,Working,2,0,Discount,18,BrandB
398,Beverly,26,Female,Dubai,Wednesday,3,15/11/2023,229.91,Personal Care,0,Low,0.04,0.96,Silver,Medium,10,4.99,1,Mobile,Non-Working,4,0,Discount,47,BrandC
399,Amber,34,Female,Dubai,Friday,2,09/11/2023,250.5,Snacks,1,Medium,0.19,0.81,Silver,High,5,4.7,1,Mobile,Working,3,0,Discount,53,BrandE
400,Patrick,23,Female,Dubai,Tuesday,3,11/12/2023,186.39,Snacks,1,Medium,0.19,0.81,Silver,Medium,8,3.45,0,Mobile,Working,6,0,Discount,21,BrandE
401,John,45,Male,Dubai,Monday,2,12/12/2023,283.31,Bakery,1,Medium,0,1,Bronze,Low,8,3.6,1,Mobile,Working,3,0,None,20,BrandE
402,Matthew,38,Male,Dubai,Sunday,5,27/12/2023,271.03,Snacks,1,Medium,0.3,0.7,Silver,High,7,3.99,0,Mobile,Non-Working,4,1,Discount,5,BrandE
403,Amy,39,Male,Sharjah,Wednesday,6,11/11/2023,177.35,Produce,0,High,0.3,0.7,Bronze,Low,6,4.77,0,Mobile,Working,2,1,None,51,BrandD
404,Brittney,40,Female,Sharjah,Saturday,4,20/11/2023,114.24,Snacks,1,Medium,0.25,0.75,Silver,Medium,6,4.07,0,Mobile,Working,2,0,Cashback,42,BrandB
405,Felicia,46,Male,Dubai,Saturday,2,31/12/2023,211.98,Produce,0,High,0.37,0.63,Bronze,High,10,3.29,0,Mobile,Working,4,0,Discount,1,BrandA
406,Tiffany,32,Female,Dubai,Wednesday,4,26/12/2023,236.39,Dairy,1,Low,0.18,0.82,Bronze,Low,10,3.72,0,Tablet,Non-Working,5,0,Cashback,6,BrandE
407,Timothy,62,Male,Abu Dhabi,Wednesday,4,09/12/2023,162.25,Produce,0,High,0.25,0.75,Bronze,High,4,3.19,1,Mobile,Working,6,0,Discount,23,BrandD
408,Bridget,31,Male,Dubai,Wednesday,2,23/11/2023,206.55,Bakery,0,High,0.37,0.63,Gold,Medium,5,3.77,0,Desktop,Working,1,0,Discount,39,BrandD
409,Jessica,25,Male,Dubai,Saturday,2,12/11/2023,234.61,Beverages,0,Medium,0.27,0.73,Gold,Medium,5,3.35,0,Mobile,Non-Working,3,0,Discount,50,BrandE
410,Connor,35,Female,Dubai,Saturday,1,18/11/2023,316.75,Bakery,0,Medium,0.29,0.71,Gold,Low,7,4.26,1,Mobile,Non-Working,6,0,None,44,BrandA
411,Linda,43,Male,Sharjah,Tuesday,3,07/12/2023,120.15,Produce,1,Medium,0.1,0.9,Bronze,High,9,4.54,0,Mobile,Working,2,0,BOGO,25,BrandA
412,Johnny,42,Female,Abu Dhabi,Saturday,4,17/11/2023,259.37,Snacks,0,Low,0.17,0.83,Bronze,High,10,4.03,1,Tablet,Working,5,0,Discount,45,BrandC
413,Andrew,51,Male,Dubai,Sunday,6,10/12/2023,342.6,Dairy,0,High,0.35,0.65,Bronze,Low,7,3.02,0,Mobile,Working,4,1,Discount,22,BrandB
414,Carol,55,Female,Dubai,Tuesday,3,31/12/2023,235.18,Snacks,0,Medium,0.39,0.61,Bronze,Low,5,4.17,1,Tablet,Non-Working,2,0,Cashback,1,BrandC
415,Brittany,42,Female,Abu Dhabi,Monday,3,04/11/2023,107.56,Dairy,0,Medium,0.25,0.75,Gold,High,6,3.63,0,Mobile,Non-Working,4,0,Cashback,58,BrandD
416,Shelby,36,Male,Dubai,Monday,2,16/12/2023,276.47,Personal Care,0,High,0.48,0.52,Bronze,High,7,4.88,0,Desktop,Working,3,1,BOGO,16,BrandD
417,Matthew,50,Female,Dubai,Saturday,4,22/11/2023,254.37,Bakery,1,Low,0.1,0.9,Silver,High,8,3.3,0,Mobile,Non-Working,6,0,BOGO,40,BrandC
418,Paul,51,Male,Al Ain,Friday,6,10/12/2023,302.72,Personal Care,1,Medium,0.09,0.91,Silver,Medium,9,3.76,1,Desktop,Non-Working,5,0,None,22,BrandC
419,John,30,Male,Abu Dhabi,Friday,5,26/11/2023,282.05,Beverages,1,Medium,0.26,0.74,Silver,Medium,6,4.99,0,Tablet,Working,6,0,Cashback,36,BrandD
420,Kevin,38,Female,Al Ain,Saturday,6,04/11/2023,215.54,Personal Care,1,Low,0.13,0.87,Silver,Medium,12,4.64,1,Tablet,Working,6,1,Cashback,58,BrandC
421,Andrew,63,Female,Dubai,Wednesday,3,24/12/2023,192.81,Personal Care,0,Medium,0.21,0.79,Silver,High,10,3.53,1,Desktop,Working,3,0,Discount,8,BrandB
422,George,57,Male,Dubai,Monday,1,29/12/2023,267.48,Dairy,1,Low,0.09,0.91,Silver,Low,6,4.16,0,Mobile,Working,6,0,BOGO,3,BrandA
423,Ryan,23,Male,Dubai,Tuesday,3,14/11/2023,237.05,Bakery,1,Medium,0.18,0.82,Silver,Medium,11,4.06,1,Mobile,Working,3,0,Cashback,48,BrandC
424,Karen,31,Male,Al Ain,Wednesday,5,25/11/2023,176.74,Snacks,0,High,0.41,0.59,Bronze,Medium,7,3.87,0,Mobile,Non-Working,2,0,BOGO,37,BrandD
425,Jenna,63,Male,Abu Dhabi,Thursday,2,06/12/2023,235.53,Personal Care,0,Medium,0.28,0.72,Bronze,Low,6,4.85,1,Mobile,Working,6,0,Cashback,26,BrandD
426,Kevin,59,Female,Abu Dhabi,Sunday,3,30/12/2023,175.88,Snacks,0,Medium,0.28,0.72,Bronze,High,2,3.67,0,Desktop,Non-Working,6,0,Discount,2,BrandD
427,Marilyn,21,Male,Dubai,Saturday,1,22/11/2023,134.22,Dairy,0,Low,0.19,0.81,Silver,Low,11,3.94,1,Mobile,Working,2,0,Discount,40,BrandC
428,Sarah,44,Male,Dubai,Tuesday,1,05/11/2023,166.92,Produce,0,Medium,0.21,0.79,Bronze,High,5,4.58,1,Mobile,Non-Working,4,0,None,57,BrandA
429,Elizabeth,21,Female,Al Ain,Sunday,4,21/12/2023,129.91,Personal Care,0,Low,0.11,0.89,Bronze,High,8,4.72,0,Mobile,Working,3,0,Discount,11,BrandE
430,Shannon,28,Female,Sharjah,Wednesday,5,16/12/2023,277.13,Snacks,0,Low,0.24,0.76,Bronze,Low,5,3.59,1,Mobile,Working,5,0,Discount,16,BrandD
431,Alexander,34,Female,Sharjah,Friday,3,08/12/2023,139.58,Beverages,0,Low,0.04,0.96,Bronze,Low,12,3.8,0,Mobile,Working,1,0,Discount,24,BrandE
432,Sheri,58,Male,Dubai,Saturday,2,30/11/2023,272.67,Personal Care,1,Medium,0.22,0.78,Silver,Low,5,4.13,0,Mobile,Working,2,1,Discount,32,BrandD
433,Alicia,24,Female,Sharjah,Wednesday,5,20/12/2023,173.66,Produce,0,Medium,0.21,0.79,Silver,Low,9,3.2,0,Mobile,Working,4,0,Discount,12,BrandA
434,Laura,59,Female,Dubai,Thursday,2,15/12/2023,196.14,Produce,0,High,0.56,0.44,Bronze,Medium,8,4.72,0,Desktop,Working,5,0,Discount,17,BrandA
435,Anthony,55,Female,Dubai,Thursday,3,25/12/2023,223.37,Bakery,0,Low,0.32,0.68,Silver,Medium,5,4.22,0,Desktop,Working,2,0,BOGO,7,BrandE
436,Taylor,40,Female,Dubai,Saturday,4,14/12/2023,177.6,Produce,1,Low,0.06,0.94,Bronze,High,8,3.02,0,Mobile,Working,2,0,Discount,18,BrandC
437,Sherry,39,Female,Abu Dhabi,Friday,4,15/12/2023,127.01,Produce,0,High,0.48,0.52,Bronze,Low,7,3.24,0,Tablet,Working,6,1,Discount,17,BrandE
438,Christine,29,Male,Sharjah,Monday,5,27/12/2023,226.21,Beverages,0,Low,0.15,0.85,Bronze,High,16,3.48,0,Desktop,Working,3,0,Discount,5,BrandE
439,Eric,24,Male,Dubai,Saturday,5,08/12/2023,185.47,Personal Care,0,Medium,0.08,0.92,Gold,Low,12,4.54,0,Desktop,Working,6,0,Cashback,24,BrandD
440,Brandon,49,Female,Al Ain,Friday,2,06/12/2023,148.26,Personal Care,0,Medium,0.16,0.84,Silver,Medium,10,3.66,1,Mobile,Working,3,0,Cashback,26,BrandE
441,Carl,51,Male,Abu Dhabi,Tuesday,4,28/12/2023,89.03,Dairy,0,Low,0.14,0.86,Bronze,Medium,8,3.73,1,Mobile,Working,2,0,Cashback,4,BrandD
442,Christopher,49,Female,Dubai,Friday,6,22/11/2023,200.18,Produce,1,High,0.08,0.92,Bronze,High,7,3.19,0,Tablet,Non-Working,4,0,Discount,40,BrandC
443,Randy,37,Female,Dubai,Saturday,3,28/12/2023,214.53,Beverages,0,Medium,0.26,0.74,Silver,Low,9,3.98,0,Mobile,Working,2,0,Cashback,4,BrandE
444,Darrell,58,Male,Sharjah,Sunday,3,10/11/2023,180.17,Bakery,1,Medium,0.13,0.87,Bronze,Medium,8,3.84,0,Desktop,Non-Working,3,0,BOGO,52,BrandE
445,Thomas,44,Female,Dubai,Friday,3,13/11/2023,264.02,Beverages,0,Medium,0.09,0.91,Bronze,Low,10,3.81,0,Mobile,Non-Working,1,0,Discount,49,BrandD
446,Matthew,54,Female,Abu Dhabi,Monday,4,24/11/2023,182.37,Snacks,0,Medium,0.17,0.83,Platinum,Low,12,4.11,1,Desktop,Working,5,1,None,38,BrandE
447,Mary,51,Female,Abu Dhabi,Tuesday,6,17/11/2023,209.16,Dairy,0,High,0.21,0.79,Gold,Low,9,3.03,0,Mobile,Working,5,0,Discount,45,BrandB
448,Kristie,62,Male,Dubai,Sunday,2,13/12/2023,207.04,Produce,0,Medium,0.02,0.98,Bronze,Medium,10,3.42,1,Tablet,Non-Working,1,0,Cashback,19,BrandE
449,Samantha,21,Male,Sharjah,Monday,6,13/11/2023,56.97,Snacks,1,Medium,0.15,0.85,Bronze,Medium,6,4.18,0,Mobile,Non-Working,5,0,Discount,49,BrandA
450,Brandy,39,Male,Abu Dhabi,Saturday,5,30/11/2023,211.75,Snacks,0,High,0.64,0.36,Silver,High,4,3.85,0,Mobile,Working,3,1,Discount,32,BrandD
451,Aaron,24,Female,Dubai,Saturday,2,30/11/2023,216.61,Dairy,0,Medium,0.14,0.86,Bronze,Medium,11,3.04,0,Mobile,Non-Working,2,0,BOGO,32,BrandD
452,Kathryn,25,Female,Dubai,Tuesday,3,13/11/2023,269.33,Beverages,0,High,0.17,0.83,Bronze,Low,16,3.1,1,Mobile,Working,2,0,Discount,49,BrandA
453,Dawn,50,Female,Abu Dhabi,Saturday,3,06/11/2023,199.67,Beverages,0,Medium,0.31,0.69,Silver,Medium,4,3.53,0,Mobile,Non-Working,3,0,Cashback,56,BrandD
454,Samantha,35,Female,Dubai,Saturday,4,04/12/2023,247.54,Dairy,1,Low,0.02,0.98,Silver,High,8,3.82,0,Mobile,Non-Working,3,0,None,28,BrandB
455,Kimberly,46,Female,Abu Dhabi,Tuesday,4,06/12/2023,108.73,Snacks,1,Medium,0.09,0.91,Gold,Medium,4,4.93,0,Mobile,Working,4,0,None,26,BrandD
456,John,42,Male,Dubai,Thursday,5,22/11/2023,236.85,Produce,0,Medium,0.21,0.79,Bronze,Medium,9,4.06,0,Mobile,Working,1,0,BOGO,40,BrandE
457,Sandra,42,Male,Abu Dhabi,Sunday,5,27/11/2023,82.71,Snacks,0,High,0.29,0.71,Bronze,Medium,8,3.89,0,Mobile,Working,5,1,Discount,35,BrandD
458,Christopher,54,Male,Sharjah,Friday,3,17/11/2023,215.49,Produce,0,High,0.56,0.44,Silver,Low,7,4.58,0,Mobile,Non-Working,3,0,BOGO,45,BrandC
459,Patricia,36,Female,Sharjah,Wednesday,5,30/12/2023,170.49,Personal Care,1,High,0.51,0.49,Platinum,Medium,3,3.38,0,Mobile,Working,5,0,Cashback,2,BrandA
460,Rachel,30,Female,Dubai,Saturday,2,26/12/2023,269.56,Produce,0,Medium,0.24,0.76,Bronze,High,7,3.55,0,Desktop,Working,4,0,BOGO,6,BrandD
461,Jose,52,Male,Dubai,Sunday,3,28/12/2023,198.74,Snacks,1,High,0.45,0.55,Bronze,Low,4,3.48,0,Desktop,Working,3,0,Discount,4,BrandA
462,Samantha,40,Male,Dubai,Sunday,3,06/11/2023,231.77,Personal Care,1,Medium,0.03,0.97,Bronze,Medium,6,4.24,1,Desktop,Non-Working,6,0,Discount,56,BrandB
463,Theresa,32,Male,Dubai,Monday,6,10/11/2023,260.12,Personal Care,1,High,0.32,0.68,Bronze,Low,8,4.42,1,Mobile,Working,4,0,None,52,BrandA
464,Frances,51,Female,Dubai,Sunday,2,27/11/2023,267.87,Produce,1,High,0.2,0.8,Silver,Low,8,3.32,1,Mobile,Working,6,0,Cashback,35,BrandE
465,Heather,58,Female,Abu Dhabi,Wednesday,2,08/11/2023,173.36,Beverages,0,Medium,0.33,0.67,Bronze,Medium,9,3.5,0,Mobile,Working,4,0,BOGO,54,BrandD
466,Desiree,56,Male,Al Ain,Monday,4,21/11/2023,140.22,Beverages,0,Low,0.18,0.82,Bronze,Low,5,4.49,1,Tablet,Working,6,1,Discount,41,BrandE
467,Steven,59,Female,Abu Dhabi,Saturday,3,05/12/2023,153.37,Bakery,0,Medium,0.22,0.78,Bronze,High,8,4.12,1,Tablet,Working,3,0,Cashback,27,BrandC
468,Connor,58,Male,Sharjah,Saturday,2,30/12/2023,147.88,Personal Care,0,Medium,0.23,0.77,Bronze,Medium,12,4.21,0,Mobile,Working,4,0,Discount,2,BrandC
469,Ethan,57,Female,Dubai,Wednesday,2,11/11/2023,151.86,Beverages,0,Medium,0.2,0.8,Bronze,Low,4,4.82,1,Desktop,Working,5,0,BOGO,51,BrandA
470,Jasmine,24,Male,Sharjah,Tuesday,2,27/12/2023,175.02,Dairy,0,Medium,0.16,0.84,Silver,High,7,3.51,1,Mobile,Working,5,0,BOGO,5,BrandE
471,Sean,21,Male,Sharjah,Friday,3,29/11/2023,274.18,Dairy,1,Medium,0.19,0.81,Bronze,Medium,10,3.25,0,Mobile,Working,3,0,Cashback,33,BrandB
472,Kim,60,Male,Dubai,Saturday,3,22/12/2023,286.03,Bakery,0,High,0.47,0.53,Silver,Medium,7,4.22,1,Mobile,Working,2,0,Cashback,10,BrandE
473,Leslie,53,Female,Abu Dhabi,Saturday,5,08/11/2023,161.96,Bakery,1,Medium,0.25,0.75,Gold,Low,10,3.27,0,Desktop,Non-Working,3,0,Discount,54,BrandE
474,Diane,44,Male,Al Ain,Monday,7,17/12/2023,159.41,Beverages,0,High,0.42,0.58,Bronze,Medium,7,3.36,0,Desktop,Working,6,0,BOGO,15,BrandC
475,Timothy,43,Female,Dubai,Thursday,5,28/12/2023,207.04,Personal Care,0,High,0.51,0.49,Bronze,Low,6,3.65,0,Desktop,Non-Working,2,0,Cashback,4,BrandB
476,Christopher,32,Male,Al Ain,Sunday,4,18/11/2023,182.37,Produce,0,Medium,0.25,0.75,Silver,Medium,11,3.63,1,Desktop,Non-Working,5,0,Cashback,44,BrandD
477,Kimberly,62,Female,Dubai,Monday,5,27/12/2023,236.06,Personal Care,0,Low,0.13,0.87,Bronze,Medium,7,4.84,0,Mobile,Non-Working,5,0,Cashback,5,BrandE
478,Charles,31,Female,Dubai,Friday,2,11/12/2023,204.67,Dairy,1,Low,0.18,0.82,Silver,Medium,11,4.67,0,Mobile,Working,6,0,BOGO,21,BrandE
479,Monica,26,Male,Abu Dhabi,Wednesday,4,05/12/2023,152.89,Dairy,1,Medium,0.22,0.78,Bronze,Medium,7,4.72,0,Mobile,Working,5,0,Discount,27,BrandE
480,Joan,46,Male,Dubai,Wednesday,2,10/11/2023,204.4,Produce,0,Low,0.12,0.88,Silver,Low,7,4.16,0,Desktop,Non-Working,5,0,BOGO,52,BrandC
481,Daniel,33,Female,Sharjah,Friday,2,13/11/2023,222.96,Produce,1,Low,0.2,0.8,Silver,Medium,8,4.47,1,Tablet,Working,2,0,Discount,49,BrandD
482,Bianca,48,Female,Dubai,Saturday,3,28/11/2023,258.93,Bakery,1,High,0.28,0.72,Silver,Low,9,4.54,0,Mobile,Non-Working,1,1,Discount,34,BrandC
483,Jessica,48,Male,Dubai,Tuesday,6,27/11/2023,198.7,Snacks,1,Low,0.25,0.75,Gold,Low,11,3.85,0,Mobile,Working,1,0,Discount,35,BrandC
484,Rebecca,64,Female,Abu Dhabi,Wednesday,3,16/12/2023,180.6,Snacks,1,Low,0.25,0.75,Bronze,Low,7,4.63,0,Mobile,Working,2,0,Discount,16,BrandC
485,Michael,40,Female,Al Ain,Thursday,4,09/12/2023,161.01,Dairy,0,Low,0.08,0.92,Bronze,Medium,6,4.89,0,Mobile,Working,1,0,BOGO,23,BrandD
486,Mary,27,Female,Dubai,Monday,1,11/12/2023,235.44,Produce,1,High,0.31,0.69,Silver,High,9,4.28,0,Mobile,Non-Working,6,0,Discount,21,BrandC
487,Amanda,25,Female,Al Ain,Friday,5,19/11/2023,132.41,Dairy,0,Medium,0.15,0.85,Bronze,Low,8,3.96,1,Mobile,Working,3,0,Discount,43,BrandE
488,Sylvia,50,Female,Dubai,Sunday,3,10/12/2023,274.9,Personal Care,1,Medium,0.22,0.78,Bronze,Low,8,4.22,0,Mobile,Working,5,0,Cashback,22,BrandA
489,Jason,27,Female,Dubai,Sunday,2,08/12/2023,261.63,Bakery,0,Medium,0.05,0.95,Bronze,Low,10,3.83,0,Mobile,Working,2,0,BOGO,24,BrandD
490,Carly,45,Male,Dubai,Sunday,1,20/11/2023,294.92,Personal Care,1,High,0.49,0.51,Silver,Low,11,3.82,0,Desktop,Non-Working,3,0,Cashback,42,BrandD
491,Edward,54,Male,Dubai,Wednesday,1,14/12/2023,309.76,Beverages,1,Medium,0.19,0.81,Platinum,Low,9,3.95,0,Mobile,Working,6,0,Discount,18,BrandB
492,Samuel,30,Male,Abu Dhabi,Saturday,4,25/11/2023,101.6,Bakery,1,Low,0.21,0.79,Bronze,High,8,3.63,0,Mobile,Non-Working,3,0,Cashback,37,BrandC
493,Brittany,41,Female,Abu Dhabi,Saturday,4,31/12/2023,252.13,Personal Care,0,Low,0.26,0.74,Bronze,Medium,7,4.92,0,Mobile,Non-Working,2,0,Discount,1,BrandC
494,Jessica,43,Female,Abu Dhabi,Friday,3,24/12/2023,193.49,Produce,1,High,0.39,0.61,Bronze,High,8,4.06,0,Mobile,Working,6,1,BOGO,8,BrandA
495,Michelle,30,Female,Dubai,Saturday,3,23/11/2023,254.64,Dairy,1,Medium,0.32,0.68,Platinum,High,12,3.32,0,Mobile,Working,4,0,Discount,39,BrandA
496,Aaron,47,Male,Dubai,Thursday,4,15/11/2023,280.54,Beverages,0,Medium,0,1,Bronze,Medium,7,4.94,0,Desktop,Working,4,0,Discount,47,BrandD
497,Kathryn,34,Male,Al Ain,Saturday,4,28/11/2023,124.35,Snacks,0,Medium,0.18,0.82,Bronze,Medium,11,3.26,0,Tablet,Working,3,0,Cashback,34,BrandB
498,Andrea,24,Male,Al Ain,Saturday,5,03/12/2023,197.21,Beverages,0,High,0.3,0.7,Bronze,Medium,10,3.15,0,Mobile,Working,2,1,Cashback,29,BrandC
499,Grant,39,Male,Dubai,Friday,5,29/11/2023,221.23,Beverages,0,Medium,0.01,0.99,Silver,High,7,4.77,0,Mobile,Working,5,0,Discount,33,BrandD
500,Dustin,42,Female,Dubai,Sunday,2,22/12/2023,165.26,Dairy,0,Low,0.13,0.87,Bronze,Low,4,3.22,1,Mobile,Working,2,0,Discount,10,BrandC
501,Matthew,42,Female,Dubai,Friday,1,06/11/2023,259.46,Beverages,1,Low,0.17,0.83,Bronze,Low,7,4.08,0,Mobile,Non-Working,4,1,None,56,BrandE
502,Bryan,43,Male,Sharjah,Tuesday,6,17/11/2023,145.78,Beverages,0,Medium,0.13,0.87,Gold,Medium,6,4.37,0,Mobile,Working,5,0,BOGO,45,BrandA
503,Thomas,64,Male,Al Ain,Saturday,3,20/12/2023,231.46,Dairy,1,Medium,0.06,0.94,Platinum,Low,13,3.21,1,Mobile,Working,4,0,Cashback,12,BrandB
504,Robin,30,Female,Abu Dhabi,Thursday,5,21/12/2023,223.84,Dairy,0,Medium,0.08,0.92,Silver,Medium,8,4.56,0,Mobile,Working,4,0,None,11,BrandD
505,Timothy,33,Female,Dubai,Friday,3,06/11/2023,284.26,Bakery,0,Medium,0.25,0.75,Gold,Medium,5,3.22,1,Desktop,Working,6,0,None,56,BrandA
506,Matthew,42,Female,Dubai,Friday,5,30/12/2023,216.43,Personal Care,0,Low,0.05,0.95,Silver,Low,8,3.69,0,Mobile,Working,1,0,Cashback,2,BrandB
507,David,60,Female,Abu Dhabi,Sunday,6,26/11/2023,179.83,Produce,0,Medium,0.15,0.85,Bronze,Medium,9,4.18,1,Mobile,Working,5,0,None,36,BrandA
508,Justin,53,Female,Abu Dhabi,Wednesday,3,28/12/2023,180.95,Dairy,0,Low,0.18,0.82,Bronze,High,7,3.9,1,Mobile,Non-Working,4,0,Discount,4,BrandB
509,Deborah,54,Female,Dubai,Saturday,3,14/11/2023,230.04,Produce,0,Low,0.26,0.74,Bronze,High,11,3.95,0,Mobile,Non-Working,6,0,Discount,48,BrandE
510,Daniel,47,Female,Al Ain,Saturday,6,19/12/2023,136.6,Bakery,1,Low,0.14,0.86,Gold,Low,10,4.09,0,Tablet,Working,1,0,Discount,13,BrandD
511,Eric,33,Male,Abu Dhabi,Saturday,3,24/12/2023,82.73,Dairy,1,Medium,0.33,0.67,Bronze,Medium,6,3.72,0,Tablet,Working,2,0,BOGO,8,BrandE
512,Tony,45,Male,Abu Dhabi,Friday,2,25/11/2023,206.48,Bakery,0,Medium,0.27,0.73,Bronze,Low,9,4.87,1,Mobile,Working,2,0,Discount,37,BrandD
513,Chelsea,40,Female,Dubai,Wednesday,4,15/11/2023,277.19,Bakery,1,Low,0.12,0.88,Bronze,High,6,4.77,1,Mobile,Working,6,0,BOGO,47,BrandC
514,Christopher,48,Male,Dubai,Saturday,2,27/12/2023,258,Personal Care,0,Medium,0.26,0.74,Silver,High,13,3.13,1,Mobile,Non-Working,3,1,None,5,BrandE
515,Andrea,23,Female,Abu Dhabi,Saturday,5,14/11/2023,103.38,Snacks,1,Medium,0.22,0.78,Bronze,Medium,5,4.13,0,Tablet,Working,2,0,BOGO,48,BrandA
516,Michael,38,Female,Dubai,Tuesday,3,12/12/2023,210.66,Beverages,0,Low,0.21,0.79,Gold,Low,9,3.52,0,Mobile,Non-Working,5,0,Cashback,20,BrandD
517,Christopher,44,Male,Dubai,Thursday,1,17/12/2023,256.24,Dairy,1,Low,0.2,0.8,Gold,Low,9,3.95,0,Mobile,Working,6,1,None,15,BrandB
518,Ruben,26,Male,Sharjah,Thursday,2,28/12/2023,47.57,Bakery,0,Medium,0.32,0.68,Bronze,Low,7,3.45,0,Tablet,Working,1,1,Cashback,4,BrandD
519,Michelle,22,Female,Dubai,Friday,4,04/12/2023,291.78,Personal Care,0,High,0.28,0.72,Gold,Medium,8,3.57,0,Mobile,Working,5,0,Discount,28,BrandC
520,Sherry,42,Male,Dubai,Saturday,8,09/12/2023,237.93,Bakery,0,Medium,0.05,0.95,Silver,High,13,3.14,0,Desktop,Non-Working,6,0,BOGO,23,BrandC
521,Stephanie,31,Male,Abu Dhabi,Monday,3,24/12/2023,127.55,Produce,0,High,0.36,0.64,Bronze,High,7,4.85,0,Mobile,Working,4,0,Discount,8,BrandE
522,Barbara,35,Female,Sharjah,Tuesday,5,03/12/2023,132.39,Bakery,1,Low,0.21,0.79,Bronze,High,8,4.87,0,Mobile,Working,1,1,Discount,29,BrandC
523,Katelyn,35,Male,Abu Dhabi,Friday,4,20/12/2023,159.87,Beverages,1,High,0.18,0.82,Bronze,High,11,3.35,0,Mobile,Working,1,0,Cashback,12,BrandE
524,Larry,49,Female,Sharjah,Thursday,2,14/11/2023,170.17,Dairy,1,Medium,0.09,0.91,Bronze,Medium,12,4.5,1,Mobile,Working,2,0,Discount,48,BrandD
525,Michael,61,Male,Dubai,Saturday,5,11/11/2023,278.97,Snacks,1,High,0,1,Gold,Medium,8,4.14,0,Mobile,Working,5,0,Discount,51,BrandE
526,Rachel,57,Male,Al Ain,Sunday,4,10/11/2023,276.03,Personal Care,0,High,0.36,0.64,Bronze,Medium,7,4.09,0,Desktop,Non-Working,4,0,Discount,52,BrandC
527,Jacqueline,57,Female,Dubai,Wednesday,3,04/12/2023,230.86,Bakery,0,Medium,0.2,0.8,Silver,High,7,3.42,0,Mobile,Working,2,0,Discount,28,BrandD
528,Victoria,33,Male,Dubai,Monday,3,09/12/2023,231.28,Dairy,0,High,0.42,0.58,Gold,Low,10,4.68,0,Mobile,Non-Working,2,1,Discount,23,BrandD
529,William,31,Female,Sharjah,Tuesday,4,26/12/2023,145.96,Dairy,1,Low,0.1,0.9,Silver,Medium,6,3.59,1,Mobile,Non-Working,6,0,Discount,6,BrandD
530,Samuel,42,Male,Abu Dhabi,Sunday,5,07/12/2023,52.81,Bakery,1,Medium,0.19,0.81,Bronze,High,6,3.25,0,Mobile,Working,5,0,BOGO,25,BrandB
531,Brittany,55,Male,Dubai,Monday,4,07/11/2023,308.71,Snacks,0,Medium,0.17,0.83,Bronze,Low,5,3.75,0,Mobile,Non-Working,4,0,None,55,BrandA
532,Laura,24,Male,Dubai,Sunday,5,30/11/2023,244.2,Personal Care,0,High,0.42,0.58,Bronze,Low,4,4.86,0,Desktop,Non-Working,3,1,None,32,BrandD
533,Mark,41,Male,Dubai,Saturday,3,07/11/2023,218.86,Beverages,1,Medium,0.31,0.69,Silver,Medium,11,3.81,1,Mobile,Working,5,0,Discount,55,BrandA
534,Clinton,34,Male,Dubai,Monday,1,20/12/2023,286.51,Produce,0,Medium,0.16,0.84,Bronze,High,9,4.56,0,Mobile,Non-Working,1,1,Discount,12,BrandD
535,Stephanie,41,Male,Dubai,Monday,4,31/12/2023,211.17,Personal Care,0,Medium,0.11,0.89,Silver,Low,7,4.04,0,Desktop,Working,3,0,BOGO,1,BrandC
536,Edward,49,Female,Al Ain,Sunday,3,30/11/2023,221.93,Beverages,1,Medium,0.18,0.82,Silver,High,14,4.12,1,Desktop,Working,4,0,Discount,32,BrandA
537,Mario,31,Female,Dubai,Monday,6,21/12/2023,219.95,Snacks,0,Medium,0.16,0.84,Bronze,Medium,6,3.05,0,Mobile,Non-Working,4,0,Discount,11,BrandE
538,Heather,43,Male,Dubai,Saturday,1,01/12/2023,228.64,Snacks,0,High,0.44,0.56,Bronze,High,7,4.18,0,Desktop,Non-Working,4,0,BOGO,31,BrandB
539,Jacob,49,Male,Dubai,Tuesday,5,21/12/2023,203.26,Beverages,1,Medium,0.14,0.86,Silver,Medium,10,4.54,0,Mobile,Non-Working,6,0,BOGO,11,BrandC
540,Cynthia,60,Female,Sharjah,Friday,3,12/12/2023,176.91,Produce,0,Low,0.18,0.82,Bronze,High,4,3.92,1,Mobile,Working,3,0,Discount,20,BrandD
541,Judy,28,Male,Dubai,Wednesday,3,30/11/2023,273.75,Produce,0,Medium,0.36,0.64,Silver,High,7,4.21,0,Desktop,Working,5,0,Discount,32,BrandD
542,Amanda,25,Female,Dubai,Thursday,2,26/12/2023,277.49,Beverages,1,Medium,0.15,0.85,Gold,High,8,4.68,0,Mobile,Working,1,0,Discount,6,BrandD
543,Andrew,64,Female,Sharjah,Thursday,4,06/12/2023,177.43,Snacks,1,High,0.54,0.46,Bronze,High,8,4.23,1,Mobile,Working,2,0,Cashback,26,BrandE
544,Jacqueline,34,Male,Abu Dhabi,Friday,2,29/12/2023,134.45,Beverages,1,Low,0.24,0.76,Bronze,Low,10,4.33,0,Desktop,Working,3,1,Cashback,3,BrandD
545,Christopher,41,Male,Dubai,Saturday,4,19/11/2023,168.61,Snacks,0,Medium,0.3,0.7,Bronze,High,8,4.7,0,Mobile,Non-Working,4,0,Cashback,43,BrandB
546,Joann,49,Male,Sharjah,Monday,1,02/12/2023,150.13,Produce,0,High,0.33,0.67,Gold,Medium,6,4.53,1,Mobile,Working,6,0,None,30,BrandC
547,Christopher,45,Female,Al Ain,Saturday,2,03/11/2023,76.49,Snacks,1,High,0.41,0.59,Bronze,High,8,3.62,0,Desktop,Working,5,0,Discount,59,BrandE
548,Erika,27,Male,Abu Dhabi,Tuesday,3,27/12/2023,207.35,Produce,1,High,0.31,0.69,Bronze,High,7,3.15,0,Mobile,Working,1,1,Cashback,5,BrandA
549,Sherry,56,Male,Abu Dhabi,Sunday,6,24/11/2023,238.11,Bakery,1,Medium,0.32,0.68,Silver,High,10,3.46,1,Mobile,Working,1,0,Cashback,38,BrandC
550,John,45,Male,Al Ain,Thursday,4,24/12/2023,163.1,Produce,0,High,0.19,0.81,Silver,Low,4,3.05,0,Mobile,Working,3,0,Discount,8,BrandB
551,Troy,40,Male,Dubai,Tuesday,4,21/11/2023,230.79,Produce,1,High,0.44,0.56,Silver,High,8,4.86,0,Mobile,Working,3,0,Cashback,41,BrandB
552,Gregory,60,Female,Sharjah,Friday,2,30/11/2023,217.62,Dairy,0,Low,0.14,0.86,Platinum,Medium,5,3.84,1,Mobile,Working,5,0,Discount,32,BrandA
553,Justin,49,Male,Dubai,Sunday,6,30/11/2023,243.11,Bakery,0,Medium,0.13,0.87,Silver,Medium,7,3.67,1,Mobile,Non-Working,4,0,Discount,32,BrandB
554,Whitney,32,Female,Al Ain,Sunday,6,18/12/2023,165.94,Snacks,0,High,0.39,0.61,Gold,High,8,3.18,0,Mobile,Working,4,0,BOGO,14,BrandE
555,Robert,54,Male,Abu Dhabi,Thursday,1,16/12/2023,202.44,Dairy,0,Medium,0.18,0.82,Platinum,Medium,8,4.86,0,Desktop,Working,5,0,Cashback,16,BrandE
556,Cindy,63,Female,Sharjah,Tuesday,3,07/11/2023,271.15,Dairy,1,High,0.38,0.62,Bronze,Medium,12,4.22,0,Tablet,Non-Working,3,0,BOGO,55,BrandB
557,Candice,46,Female,Sharjah,Saturday,4,03/12/2023,237.83,Dairy,0,Medium,0.18,0.82,Silver,Medium,7,3.52,0,Desktop,Working,5,0,Discount,29,BrandA
558,Hunter,37,Female,Dubai,Thursday,5,18/11/2023,222.12,Produce,0,High,0.02,0.98,Bronze,Low,10,4.93,0,Mobile,Working,4,0,Cashback,44,BrandB
559,Jose,57,Female,Sharjah,Friday,3,27/12/2023,212.64,Bakery,0,Medium,0.21,0.79,Bronze,Medium,9,4.57,0,Desktop,Working,5,0,Cashback,5,BrandB
560,Lisa,54,Male,Dubai,Wednesday,4,23/11/2023,273.01,Dairy,1,Medium,0.12,0.88,Gold,High,5,3.04,0,Mobile,Working,5,1,None,39,BrandD
561,Emily,61,Male,Dubai,Tuesday,4,17/12/2023,226.56,Personal Care,1,Low,0.14,0.86,Gold,Medium,8,4.68,0,Mobile,Working,6,1,Discount,15,BrandB
562,Justin,42,Male,Dubai,Saturday,3,09/11/2023,258.35,Bakery,1,Medium,0.28,0.72,Silver,Low,10,4.52,0,Desktop,Non-Working,2,0,Discount,53,BrandC
563,Arthur,56,Female,Abu Dhabi,Saturday,4,07/12/2023,237.31,Dairy,0,Medium,0.11,0.89,Gold,Low,11,4.99,1,Desktop,Working,1,1,Cashback,25,BrandD
564,Felicia,52,Female,Abu Dhabi,Wednesday,4,10/12/2023,92.7,Produce,0,High,0.34,0.66,Silver,Medium,7,4.7,0,Mobile,Working,4,1,None,22,BrandE
565,Sharon,34,Male,Sharjah,Tuesday,4,03/11/2023,237.28,Snacks,0,Medium,0.15,0.85,Gold,Low,9,3.09,0,Mobile,Working,6,0,Discount,59,BrandA
566,Tammy,45,Male,Al Ain,Saturday,1,30/11/2023,192.49,Beverages,0,Low,0.15,0.85,Platinum,High,5,3.78,0,Mobile,Non-Working,5,0,None,32,BrandB
567,Thomas,39,Male,Sharjah,Saturday,3,08/12/2023,132.39,Dairy,1,High,0.3,0.7,Silver,Low,8,4.94,0,Tablet,Working,3,0,Cashback,24,BrandE
568,Christopher,31,Male,Sharjah,Saturday,3,03/12/2023,265.37,Personal Care,0,Medium,0.05,0.95,Silver,Low,8,3.93,1,Mobile,Working,6,0,Discount,29,BrandD
569,Aaron,28,Male,Abu Dhabi,Sunday,4,25/12/2023,169.3,Personal Care,1,Low,0.14,0.86,Silver,Medium,9,3.25,0,Mobile,Working,6,0,Discount,7,BrandB
570,Erin,43,Female,Dubai,Sunday,3,22/12/2023,152.41,Beverages,1,Low,0.11,0.89,Platinum,High,8,4.69,0,Mobile,Working,4,0,BOGO,10,BrandA
571,Thomas,23,Female,Sharjah,Monday,4,08/12/2023,218.65,Bakery,0,Medium,0.07,0.93,Bronze,High,6,3.6,0,Desktop,Working,1,0,BOGO,24,BrandD
572,John,30,Female,Abu Dhabi,Tuesday,4,13/11/2023,182.57,Beverages,0,High,0.37,0.63,Silver,Low,10,3.7,0,Mobile,Working,4,0,BOGO,49,BrandC
573,James,23,Female,Dubai,Thursday,2,02/12/2023,249.78,Snacks,0,High,0.6,0.4,Platinum,Medium,8,4.92,1,Mobile,Working,2,0,Cashback,30,BrandB
574,James,49,Male,Dubai,Sunday,3,09/12/2023,222.46,Personal Care,0,Low,0.14,0.86,Platinum,Low,13,3.19,0,Mobile,Working,4,0,Discount,23,BrandA
575,Kenneth,25,Male,Dubai,Wednesday,5,19/11/2023,228.57,Produce,1,Low,0.11,0.89,Bronze,Low,4,3.82,0,Tablet,Working,2,0,Cashback,43,BrandE
576,Daniel,22,Female,Dubai,Friday,2,29/11/2023,212.78,Dairy,0,High,0.2,0.8,Silver,High,9,4.92,0,Mobile,Working,5,0,BOGO,33,BrandC
577,Anthony,59,Female,Dubai,Saturday,4,25/12/2023,204.83,Snacks,0,High,0.06,0.94,Silver,Low,6,4.86,0,Mobile,Non-Working,6,1,Cashback,7,BrandD
578,Jason,53,Male,Dubai,Sunday,4,10/12/2023,220.55,Beverages,1,Medium,0.19,0.81,Silver,Medium,9,3.14,0,Mobile,Non-Working,1,0,Discount,22,BrandD
579,Chelsey,26,Male,Sharjah,Monday,4,05/12/2023,300.91,Personal Care,1,Medium,0.25,0.75,Silver,Medium,6,3.44,0,Mobile,Non-Working,5,0,Discount,27,BrandC
580,Kristina,24,Male,Al Ain,Saturday,4,03/12/2023,177.74,Snacks,0,Medium,0.12,0.88,Silver,Medium,6,3.63,0,Mobile,Working,1,0,BOGO,29,BrandA
581,Kimberly,50,Male,Dubai,Saturday,8,15/11/2023,237.47,Snacks,0,High,0.28,0.72,Silver,Medium,10,4.04,1,Mobile,Working,3,0,Cashback,47,BrandA
582,Hannah,48,Male,Abu Dhabi,Saturday,2,08/11/2023,235.95,Dairy,0,High,0.26,0.74,Bronze,High,6,3.48,1,Desktop,Non-Working,6,0,Cashback,54,BrandB
583,Ian,23,Female,Sharjah,Tuesday,7,11/11/2023,101.3,Personal Care,1,Medium,0.27,0.73,Gold,High,8,3.21,0,Mobile,Working,1,0,BOGO,51,BrandA
584,Alexander,64,Female,Dubai,Friday,3,03/11/2023,336.68,Produce,0,High,0.23,0.77,Gold,Medium,8,3.91,0,Mobile,Working,3,0,Discount,59,BrandC
585,Adam,58,Female,Dubai,Thursday,5,25/11/2023,215.17,Bakery,1,High,0.41,0.59,Gold,Medium,8,3.8,0,Mobile,Working,1,0,Discount,37,BrandA
586,Ashley,41,Female,Sharjah,Sunday,5,15/11/2023,211.33,Snacks,0,Medium,0.23,0.77,Bronze,High,7,3.61,1,Mobile,Non-Working,3,0,BOGO,47,BrandA
587,Joshua,21,Male,Abu Dhabi,Saturday,4,27/12/2023,162.53,Produce,0,Low,0.11,0.89,Bronze,Low,7,3.59,1,Tablet,Working,5,0,Discount,5,BrandC
588,Bill,51,Female,Abu Dhabi,Tuesday,2,21/12/2023,178.44,Personal Care,0,Low,0.23,0.77,Bronze,Low,6,4.51,0,Desktop,Non-Working,5,0,Cashback,11,BrandE
589,Stephanie,27,Male,Abu Dhabi,Thursday,2,08/11/2023,173.16,Produce,0,Low,0.15,0.85,Platinum,High,6,3.85,1,Tablet,Working,5,1,Cashback,54,BrandA
590,Mark,37,Male,Dubai,Tuesday,1,30/11/2023,212.91,Dairy,0,Medium,0.25,0.75,Bronze,High,7,4.18,1,Mobile,Non-Working,2,0,BOGO,32,BrandC
591,Anthony,40,Male,Dubai,Wednesday,6,21/11/2023,232.01,Produce,0,High,0.55,0.45,Bronze,Medium,9,3.84,0,Mobile,Working,3,0,None,41,BrandB
592,Matthew,31,Male,Sharjah,Wednesday,6,22/12/2023,242.47,Dairy,0,High,0.39,0.61,Bronze,Low,6,4.56,0,Mobile,Working,5,0,BOGO,10,BrandC
593,Jaime,54,Female,Al Ain,Wednesday,7,14/12/2023,133.12,Bakery,0,Low,0.19,0.81,Bronze,Low,6,3.3,0,Mobile,Working,3,1,BOGO,18,BrandE
594,Krista,63,Female,Abu Dhabi,Saturday,3,22/11/2023,259.33,Snacks,0,Low,0.23,0.77,Bronze,Low,3,3.61,1,Tablet,Working,3,0,Cashback,40,BrandB
595,Christina,40,Male,Dubai,Wednesday,6,09/11/2023,250.57,Personal Care,0,Low,0.25,0.75,Bronze,Low,8,3.1,1,Mobile,Working,5,0,Discount,53,BrandA
596,Emily,58,Male,Dubai,Monday,2,05/11/2023,284.52,Produce,1,High,0.32,0.68,Platinum,High,9,3.95,0,Desktop,Non-Working,2,0,Cashback,57,BrandD
597,Jacqueline,51,Female,Sharjah,Thursday,3,27/11/2023,178.48,Dairy,1,Low,0.29,0.71,Bronze,Medium,7,4.65,0,Mobile,Working,2,0,Discount,35,BrandB
598,Jennifer,44,Female,Sharjah,Friday,3,28/12/2023,176.16,Snacks,0,Medium,0.19,0.81,Gold,Low,6,4.72,0,Tablet,Working,3,0,Cashback,4,BrandB
599,Scott,62,Male,Al Ain,Thursday,4,20/12/2023,150.42,Beverages,0,Medium,0.22,0.78,Gold,High,11,4,1,Mobile,Non-Working,4,0,BOGO,12,BrandB
600,Joe,29,Female,Dubai,Thursday,5,16/11/2023,216.74,Bakery,0,Low,0.18,0.82,Gold,Medium,9,3.7,0,Mobile,Working,4,0,Discount,46,BrandC
